Original Row Index,Store,Country,Language,Review ID,Review Date,Star Rating,Review Title,Review Text,Reviewer Name,App Version,Developer Reply,Developer Reply Date,Review URL,Sentiment,Detected Language,Language Confidence,Second Language,Confidence Margin,Indonesian Marker Count,Indonesian Markers,Likely Indonesian/Malay
3,android,ph,en,940eef7f-ec16-4a9b-b777-f3026b8fd8cb,2026-05-21T03:08:00.965Z,1,,Share link asyik tqk bole buka. Bugg aje lebih,Chille Sheila,5.410.0,,,https://play.google.com/store/apps/details?id=com.grabtaxi.passenger&reviewId=940eef7f-ec16-4a9b-b777-f3026b8fd8cb,Negative,INDONESIAN,0.4882449817781154,MALAY,0.0184362303616327,0,,False
27,android,ph,en,041018c8-cfe8-4241-90fd-a026ff0aaff5,2026-05-20T13:19:47.539Z,2,,akhir2 ini suka lama loading dan location ga kebaca. harus berkali kali matiin jaringan keluar masuk apps clear cache 😵‍💫😵‍💫,Gita Andriyani,5.410.0,,,https://play.google.com/store/apps/details?id=com.grabtaxi.passenger&reviewId=041018c8-cfe8-4241-90fd-a026ff0aaff5,Negative,INDONESIAN,0.5919873523893947,MALAY,0.1997714418709157,1,dan,False
54,android,ph,en,51aef66f-4cb3-44e4-ae25-5124f059daf0,2026-05-20T06:57:22.346Z,1,,"Tarif grab car naik drastis. Begitu jg dengan grab food , harga makanan semakin mahal",BakerStreet84,,,,https://play.google.com/store/apps/details?id=com.grabtaxi.passenger&reviewId=51aef66f-4cb3-44e4-ae25-5124f059daf0,Negative,INDONESIAN,0.60737396704669,MALAY,0.2254276480304695,2,"dengan, tarif",False
123,android,ph,en,5029342b-31e0-45f9-a5d9-9d749d074bf0,2026-05-19T04:52:31.130Z,3,,sering bgt ng bug pas liat track drivernya,Syifa Nuraini Wijaya,5.409.0,,,https://play.google.com/store/apps/details?id=com.grabtaxi.passenger&reviewId=5029342b-31e0-45f9-a5d9-9d749d074bf0,Neutral,INDONESIAN,0.3317218128982662,TAGALOG,0.0524888813410218,0,,False
388,android,ph,en,7cfdd153-4f03-4b94-ab7c-7ae6876be298,2026-05-15T06:59:57.565Z,1,,lemot bgt appnya aneh,Blind Egg,,,,https://play.google.com/store/apps/details?id=com.grabtaxi.passenger&reviewId=7cfdd153-4f03-4b94-ab7c-7ae6876be298,Negative,INDONESIAN,0.6440695459946874,MALAY,0.4075641128543894,0,,False
461,android,ph,en,9c614ce6-8a63-4449-a330-36390064df20,2026-05-13T12:07:45.812Z,1,,ORANG MAU MAKAN DIKERJAIN .. KALO GA DOBEL DI 1 RESTO DITAHAN ORDERAN NYA SAMA GRAB .. WOII GUE MAKAN BAYAR YA NYET .. ONGKIR JG GUE BAYAR BUKAN NGUTANG APALAGI NGEMIS MINTA2 .. BENERIN SISTEM LO !!,kripik cebong,5.409.0,,,https://play.google.com/store/apps/details?id=com.grabtaxi.passenger&reviewId=9c614ce6-8a63-4449-a330-36390064df20,Negative,INDONESIAN,0.6090276000491112,MALAY,0.2180739296147613,1,kalo,False
484,android,ph,en,344fd681-5b1f-4074-951c-166b780b2030,2026-05-13T05:57:00.969Z,5,,"Terbaik,sangat bagus,mudah",mohd hafiz rosli,5.408.0,,,https://play.google.com/store/apps/details?id=com.grabtaxi.passenger&reviewId=344fd681-5b1f-4074-951c-166b780b2030,Positive,INDONESIAN,0.6169256065159537,MALAY,0.2451199653184136,0,,False
500,android,ph,en,24607bab-ca04-4573-b155-fc6ddacf7b83,2026-05-13T00:25:52.590Z,3,,Tunggu grab kadang2 lambat asyik tak de jer kwsn ner,Nooratiqah Yunus,5.409.0,,,https://play.google.com/store/apps/details?id=com.grabtaxi.passenger&reviewId=24607bab-ca04-4573-b155-fc6ddacf7b83,Neutral,MALAY,0.576747889347433,INDONESIAN,0.1923771852271069,0,,False
672,android,ph,en,32ae6e0f-3c06-4b69-9ad9-227228cb48f9,2026-05-09T23:41:17.295Z,1,,sudah pakai grab unlimited bertahun-tahun. Ketika chat help centre muter2 sama chatbot gabisa terhubung langsung ke cs organik.,Bhima Dhewantara,5.406.1,,,https://play.google.com/store/apps/details?id=com.grabtaxi.passenger&reviewId=32ae6e0f-3c06-4b69-9ad9-227228cb48f9,Negative,INDONESIAN,0.5248518740047731,MALAY,0.0502395351067284,1,sudah,False
750,android,ph,en,5acb3328-5ff9-4324-9e10-295c164c4eac,2026-05-08T12:59:11.324Z,1,,selalu cancelkan order..buang masa je..,A'IMULLAH ABDUL RAZAK,5.408.0,,,https://play.google.com/store/apps/details?id=com.grabtaxi.passenger&reviewId=5acb3328-5ff9-4324-9e10-295c164c4eac,Negative,INDONESIAN,0.5348885159277518,MALAY,0.1397241876329808,0,,False
756,android,ph,en,91d1795a-3fb0-40b2-8c58-acdc0776e4d4,2026-05-08T12:25:10.388Z,1,,proceed transfer terlalu lama,Naffelie Adrian,5.407.1,,,https://play.google.com/store/apps/details?id=com.grabtaxi.passenger&reviewId=91d1795a-3fb0-40b2-8c58-acdc0776e4d4,Negative,INDONESIAN,0.430002110889565,ENGLISH,0.1836627893841461,0,,False
786,android,ph,en,d4d297fe-c09f-4983-9317-521e252b6686,2026-05-08T06:29:49.383Z,5,,baik pemandu grab ni,Asmaniza Abdulghane,5.407.0,,,https://play.google.com/store/apps/details?id=com.grabtaxi.passenger&reviewId=d4d297fe-c09f-4983-9317-521e252b6686,Positive,MALAY,0.5767982301629289,INDONESIAN,0.2252978637755595,0,,False
792,android,ph,en,cf4bc629-1e55-4441-a7fe-ce0a22f6ce18,2026-05-08T05:30:17.855Z,1,,orderan sekarang suka lama bisa berjam jam,Kevin So,5.408.0,,,https://play.google.com/store/apps/details?id=com.grabtaxi.passenger&reviewId=cf4bc629-1e55-4441-a7fe-ce0a22f6ce18,Negative,INDONESIAN,0.579555094642019,MALAY,0.2133076895603352,2,"bisa, sekarang",False
862,android,ph,en,334eb5bf-3656-427a-be73-302b481648f0,2026-05-07T02:22:29.934Z,1,,"jangan kasih tulisan makanan tiba jam berapa, ga pernah tepat waktu",Philbert,5.407.1,,,https://play.google.com/store/apps/details?id=com.grabtaxi.passenger&reviewId=334eb5bf-3656-427a-be73-302b481648f0,Negative,INDONESIAN,0.5096623601064236,MALAY,0.0244327051030461,0,,False
866,android,ph,en,e3d3969c-05b7-406f-9f80-c9fb7af6808e,2026-05-07T01:01:42.652Z,4,,tergantung pada drivernya,Edward Hotman,5.407.1,,,https://play.google.com/store/apps/details?id=com.grabtaxi.passenger&reviewId=e3d3969c-05b7-406f-9f80-c9fb7af6808e,Positive,MALAY,0.5555999177106833,INDONESIAN,0.1311071304674578,0,,False
868,android,ph,en,287ddaba-c932-4b21-80ea-4fdd365bdfe7,2026-05-07T00:30:31.594Z,4,,diupdate malah tambah lemot 😔,Nadia Anggita Putri,5.407.1,,,https://play.google.com/store/apps/details?id=com.grabtaxi.passenger&reviewId=287ddaba-c932-4b21-80ea-4fdd365bdfe7,Positive,INDONESIAN,0.6343072406667735,MALAY,0.4120467181306032,1,malah,False
884,android,ph,en,7cebb558-4d77-4c28-b902-7c4a7444f60c,2026-05-06T13:34:20.224Z,1,,nk kena uninstall. tunggu duit topup wallet masuk tak masuk lagi. duit dah tolak.,Muhammad M,5.407.1,,,https://play.google.com/store/apps/details?id=com.grabtaxi.passenger&reviewId=7cebb558-4d77-4c28-b902-7c4a7444f60c,Negative,MALAY,0.5171033136865661,INDONESIAN,0.0854154672612433,0,,False
896,android,ph,en,9d82dd4d-31f3-4e22-a600-3e8ba82a79c8,2026-05-06T10:25:22.456Z,3,,belakangan ini banyak driver sering cancel,Susi Rahmawati,5.408.0,,,https://play.google.com/store/apps/details?id=com.grabtaxi.passenger&reviewId=9d82dd4d-31f3-4e22-a600-3e8ba82a79c8,Neutral,MALAY,0.496300801436374,INDONESIAN,0.0301547831847989,1,driver,False
932,android,ph,en,68db94cc-84c3-4dec-bb5e-fc20e5a40919,2026-05-05T12:27:55.972Z,2,,kok bisa.. nama tempat nya bener.. mapp nya nyasarr 2 km lebih? minta di pluit mapp nya ke kapuk muara ?,Daniel Ezra Tjandra,5.407.1,,,https://play.google.com/store/apps/details?id=com.grabtaxi.passenger&reviewId=68db94cc-84c3-4dec-bb5e-fc20e5a40919,Negative,INDONESIAN,0.6333118716923799,MALAY,0.2784710923620425,1,bisa,False
946,android,ph,en,7bac650f-d6d0-4129-b096-47726532d1cd,2026-05-05T05:38:01.968Z,3,,suka2 dia saja withdraw dari kartu kredit. uda habis limit ditarik lg utk subscription yg biasany di pay lewat ovo... jd kena overlimit,Felicia Oscar,5.407.1,,,https://play.google.com/store/apps/details?id=com.grabtaxi.passenger&reviewId=7bac650f-d6d0-4129-b096-47726532d1cd,Neutral,INDONESIAN,0.5632622547002323,MALAY,0.1994139444217064,0,,False
1024,android,ph,en,491c29e8-ce63-4543-970c-5b0e3ba9042a,2026-05-03T05:25:51.599Z,1,,titik penjemputan grab semakin hari semakin tidak jelas. sangat mengecewakan..,Rini Amal,5.377.0,,,https://play.google.com/store/apps/details?id=com.grabtaxi.passenger&reviewId=491c29e8-ce63-4543-970c-5b0e3ba9042a,Negative,INDONESIAN,0.5135684914167149,MALAY,0.0271834458849498,1,tidak,False
1041,android,ph,en,dea84a5b-954a-4b00-ba24-924b1dc40bd5,2026-05-02T12:22:28.560Z,3,,"setiap kali rider call via Grab, call notification tak masuk",Dinie,5.407.1,,,https://play.google.com/store/apps/details?id=com.grabtaxi.passenger&reviewId=dea84a5b-954a-4b00-ba24-924b1dc40bd5,Neutral,INDONESIAN,0.3792111423146426,MALAY,0.0772153382016862,0,,False
1069,android,ph,en,3840a4de-2a04-466b-8b7d-37e76047dd16,2026-05-02T00:35:50.368Z,1,,maps driver yg mau jemput gapernah jalan dah tolol bgt,Galuh Lutfia,5.407.1,,,https://play.google.com/store/apps/details?id=com.grabtaxi.passenger&reviewId=3840a4de-2a04-466b-8b7d-37e76047dd16,Negative,INDONESIAN,0.5792922205872506,MALAY,0.3299911252247509,1,driver,False
1072,android,ph,en,46eba991-1268-43bb-ba79-ab2a1262c7d7,2026-05-01T17:06:23.199Z,1,,bongok suruh top up rm20,Yasmin Marzuki,5.407.1,,,https://play.google.com/store/apps/details?id=com.grabtaxi.passenger&reviewId=46eba991-1268-43bb-ba79-ab2a1262c7d7,Negative,MALAY,0.4805905288645737,INDONESIAN,0.0225036371724952,0,,False
1085,android,ph,en,46aa8ee7-40bc-414f-a120-eaf54ecfc768,2026-05-01T09:07:56.884Z,1,,aplikasi ga guna. order sampe nunggu sejam baru dibatalin. kenapa ga dibatalin dari awal,Yumeno Arisu,,,,https://play.google.com/store/apps/details?id=com.grabtaxi.passenger&reviewId=46aa8ee7-40bc-414f-a120-eaf54ecfc768,Negative,INDONESIAN,0.5299134091152118,MALAY,0.0643167489956312,1,aplikasi,False
1105,android,ph,en,1b1632a4-f711-4864-a8a3-b8e3a25ca99f,2026-04-30T15:23:45.350Z,1,,1 jam nyari driver ga dapet dapet. install gjk ga sampe 5 menit dapet,Aliyan S,5.407.0,,,https://play.google.com/store/apps/details?id=com.grabtaxi.passenger&reviewId=1b1632a4-f711-4864-a8a3-b8e3a25ca99f,Negative,INDONESIAN,0.4608581655651343,ENGLISH,0.2550221514734135,1,driver,False
1120,android,ph,en,b48009d4-7de7-4bf6-995c-b5d281552f00,2026-04-30T12:17:42.759Z,1,,buat grab 7.30pm driver sampai 8.20pm👍👍,Chihara Ayase,5.397.0,,,https://play.google.com/store/apps/details?id=com.grabtaxi.passenger&reviewId=b48009d4-7de7-4bf6-995c-b5d281552f00,Negative,INDONESIAN,0.3607629532071778,MALAY,0.0470130395037708,1,driver,False
1122,android,ph,en,cdbd4bad-565e-4664-ac50-f3bd02325523,2026-04-30T11:55:40.377Z,1,,nyari drivernya lama bat eler,Daffa Satria,,,,https://play.google.com/store/apps/details?id=com.grabtaxi.passenger&reviewId=cdbd4bad-565e-4664-ac50-f3bd02325523,Negative,MALAY,0.4423731710581338,INDONESIAN,0.1613781741478549,0,,False
1144,android,ph,en,21696dbc-7765-46b5-8f55-48beb3dc97e0,2026-04-30T05:46:47.556Z,1,,"dasar scam, aku guna dua kali asyik kene cancel. selek punya driver",Siciki,,,,https://play.google.com/store/apps/details?id=com.grabtaxi.passenger&reviewId=21696dbc-7765-46b5-8f55-48beb3dc97e0,Negative,INDONESIAN,0.5041871230244854,MALAY,0.0594982940365934,1,driver,False
1148,android,ph,en,0cf21215-4277-4174-b657-cc48e804755e,2026-04-30T05:06:17.404Z,1,,"Macam ape ntah kebelakangan ni, grab app kata dah sampai tapi x sampai camne aku nak tau dia dah sampai ke blum",Ira Sha,5.407.1,,,https://play.google.com/store/apps/details?id=com.grabtaxi.passenger&reviewId=0cf21215-4277-4174-b657-cc48e804755e,Negative,INDONESIAN,0.6173452029626701,MALAY,0.2835816275048586,0,,False
1152,android,ph,en,7b3e655e-5cee-46d3-8077-7741faa71b3a,2026-04-30T03:29:37.892Z,3,,SUSAH DAPAT DRIVER GRAB BIKE!!!,darwin surya,5.407.0,,,https://play.google.com/store/apps/details?id=com.grabtaxi.passenger&reviewId=7b3e655e-5cee-46d3-8077-7741faa71b3a,Neutral,MALAY,0.3907660937075112,INDONESIAN,0.0912227365828988,1,driver,False
1177,android,ph,en,7c24a259-121e-4aab-b7cc-9c25b5b323a9,2026-04-29T09:52:09.505Z,1,,"Serba mahal, pelit promo pula.",Naila Syifa Azzahra,5.407.1,,,https://play.google.com/store/apps/details?id=com.grabtaxi.passenger&reviewId=7c24a259-121e-4aab-b7cc-9c25b5b323a9,Negative,INDONESIAN,0.3928579456412212,MALAY,0.0699802629050023,0,,False
1194,android,ph,en,6a01983c-9d29-49d5-a27b-ba9c830372c2,2026-04-29T01:32:29.436Z,1,,Bahaya top up grab wallet dah top up duit lesap hati hati untuk pengguna grab apps,Jamali Mos,5.407.0,,,https://play.google.com/store/apps/details?id=com.grabtaxi.passenger&reviewId=6a01983c-9d29-49d5-a27b-ba9c830372c2,Negative,MALAY,0.488649497204781,INDONESIAN,0.0526188678175628,1,untuk,False
1229,android,ph,en,884c305e-5d8c-493e-85db-41e131c93526,2026-04-28T03:43:52.728Z,3,,Driver suka cancel mendadak.,Serafina,5.406.1,,,https://play.google.com/store/apps/details?id=com.grabtaxi.passenger&reviewId=884c305e-5d8c-493e-85db-41e131c93526,Neutral,MALAY,0.4032934068344148,INDONESIAN,0.0391129658816497,1,driver,False
1245,android,ph,en,26979eb4-e5c5-477f-9cc5-58d190bbadb4,2026-04-27T12:30:10.960Z,1,,"banyak banget driver yg suka cancel orderan, ga kaya app sebelah",GITA ARIE KRISTANTI,,,,https://play.google.com/store/apps/details?id=com.grabtaxi.passenger&reviewId=26979eb4-e5c5-477f-9cc5-58d190bbadb4,Negative,INDONESIAN,0.5857171440132574,MALAY,0.2674783703427406,2,"banget, driver",False
1274,android,ph,en,28d05e6c-9b2b-433f-bffe-321e0961b026,2026-04-26T23:01:12.971Z,1,,"titik lokasi gajelas, ngeset nya dimana, titiknya malah dimana. mending g*jek",M Fatahillah,5.407.0,,,https://play.google.com/store/apps/details?id=com.grabtaxi.passenger&reviewId=28d05e6c-9b2b-433f-bffe-321e0961b026,Negative,MALAY,0.541584019820043,INDONESIAN,0.0832983549643141,1,malah,False
1279,android,ph,en,ed64a7f6-a1af-4269-b554-2129efa93ee9,2026-04-26T13:40:28.721Z,5,,"kenapa grab tidak menggunakan g****e map, sepertinya lebih lengkap daripada grabmap",Ponco Subekti,5.407.0,,,https://play.google.com/store/apps/details?id=com.grabtaxi.passenger&reviewId=ed64a7f6-a1af-4269-b554-2129efa93ee9,Positive,INDONESIAN,0.5221893832188699,MALAY,0.044392147980885,1,tidak,False
1285,android,ph,en,32c14c67-ed64-4cb0-a666-9fdb98cfcdc1,2026-04-26T10:05:51.531Z,1,,"suka gk busa jalan padahl internet bagus dan lemot bgt, tolong sistem diperbaiki lagi",gaboot 1,,,,https://play.google.com/store/apps/details?id=com.grabtaxi.passenger&reviewId=32c14c67-ed64-4cb0-a666-9fdb98cfcdc1,Negative,INDONESIAN,0.6009374565445121,MALAY,0.2101096807994274,2,"dan, tolong",False
1305,android,ph,en,8feb38ab-e1b2-4f7c-8cfe-731023add257,2026-04-25T17:06:34.801Z,1,,"trash app, Order makanan driver berganti terus. Jarak resto hanya 2.5km menunggu berjam jam!",Franky Sandry,5.407.0,,,https://play.google.com/store/apps/details?id=com.grabtaxi.passenger&reviewId=8feb38ab-e1b2-4f7c-8cfe-731023add257,Negative,INDONESIAN,0.5267675130089571,MALAY,0.059654011708264,1,driver,False
1342,android,ph,en,6cb55800-d7b7-4357-b664-046d48d70549,2026-04-24T12:14:39.378Z,1,,APLIKASI BUTUT SUKA NGELAG,Patrick,,,,https://play.google.com/store/apps/details?id=com.grabtaxi.passenger&reviewId=6cb55800-d7b7-4357-b664-046d48d70549,Negative,MALAY,0.6491725630077162,INDONESIAN,0.3728843545282336,1,aplikasi,False
1349,android,ph,en,a6dea36e-42cd-434b-bea8-977791608160,2026-04-24T08:31:19.674Z,1,,aih driver makan gaji buta ka? nak accept cukup 50 minit,Muhammad Irfan,5.397.0,,,https://play.google.com/store/apps/details?id=com.grabtaxi.passenger&reviewId=a6dea36e-42cd-434b-bea8-977791608160,Negative,MALAY,0.6128888549934375,INDONESIAN,0.2873632880386961,1,driver,False
1354,android,ph,en,1ab28f7f-45f0-47ca-97b4-022856124e78,2026-04-24T04:53:08.447Z,1,,grab food delay tp tidak ada tindakan dr grab. bagusan aplikasi sebelah serupa dong klo gt,Yulia Jong,5.406.1,,,https://play.google.com/store/apps/details?id=com.grabtaxi.passenger&reviewId=1ab28f7f-45f0-47ca-97b4-022856124e78,Negative,INDONESIAN,0.5032036623313928,MALAY,0.0152261328492736,2,"aplikasi, tidak",False
1398,android,ph,en,0cf5c016-e7d3-4105-998a-f2ed8bdb6f3d,2026-04-23T01:15:34.480Z,3,,"susah dapat driver sekarang mau food atau transport, please fix it",M Haiqal,5.406.1,,,https://play.google.com/store/apps/details?id=com.grabtaxi.passenger&reviewId=0cf5c016-e7d3-4105-998a-f2ed8bdb6f3d,Neutral,INDONESIAN,0.4891504791929864,TAGALOG,0.2417951956857698,2,"driver, sekarang",False
1448,android,ph,en,9aa46193-acb7-49d4-b4ea-160b6935752e,2026-04-21T11:40:10.188Z,1,,Si paling bentar-bentar update,F,5.389.0,,,https://play.google.com/store/apps/details?id=com.grabtaxi.passenger&reviewId=9aa46193-acb7-49d4-b4ea-160b6935752e,Negative,INDONESIAN,0.3181823096882255,TAGALOG,0.0354785734957188,0,,False
1523,android,ph,en,3477b44d-ed77-4f44-85c2-faa483bea5e1,2026-04-19T23:44:43.488Z,1,,kebiasaan abis mesen driver nya gak langsung jalan. buang2 waktu.,Zhirayan Azhar,5.406.1,,,https://play.google.com/store/apps/details?id=com.grabtaxi.passenger&reviewId=3477b44d-ed77-4f44-85c2-faa483bea5e1,Negative,INDONESIAN,0.5506649771632167,MALAY,0.1064326341143633,2,"driver, gak",False
1526,android,ph,en,06421def-805b-4179-9364-984f60fb870c,2026-04-19T23:14:38.122Z,2,,"Lama lama dapat drivernya jauh, merugikan waktu",Icha Cahyanti 319,,,,https://play.google.com/store/apps/details?id=com.grabtaxi.passenger&reviewId=06421def-805b-4179-9364-984f60fb870c,Negative,INDONESIAN,0.5574172908396265,MALAY,0.1287947218538122,0,,False
1555,android,ph,en,fd2b0f14-4228-4759-b075-39d160445340,2026-04-19T09:38:44.136Z,4,,jangan nge lag deh itu ja,Queque,5.406.1,,,https://play.google.com/store/apps/details?id=com.grabtaxi.passenger&reviewId=fd2b0f14-4228-4759-b075-39d160445340,Positive,INDONESIAN,0.4568263557252007,MALAY,0.0309677444835074,0,,False
1566,android,ph,en,62c04a87-fb32-4eca-9746-9c7b08a808de,2026-04-19T07:03:05.992Z,1,,driver jauh² & kadang ngilang fak tau ke mana,William Benjamin Hutabarat,5.405.0,"Mohon maaf ya atas ketidaknyamanan yang terjadi.
Apabila Kakak memiliki kendala saat menggunakan aplikasi Grab atau tidak nyaman dengan pelayanan kami, Kakak bisa memilih keluhan yang sesuai di link berikut ya https://grb.to/consumeridhelpcenter 🙏 Terima kasih",2026-04-19T13:38:18.241Z,https://play.google.com/store/apps/details?id=com.grabtaxi.passenger&reviewId=62c04a87-fb32-4eca-9746-9c7b08a808de,Negative,MALAY,0.4454646068109585,INDONESIAN,0.0634961852816512,1,driver,False
1603,android,ph,en,996c7264-7331-4fb6-9742-a3c20cf0f681,2026-04-18T13:08:32.143Z,1,,"suda 3 tahun guna grab, paylater xpernah dpt. org yg xkerja dapat limit ribu, bg paylater baru tukar rating",Tawfiq Lim,,,,https://play.google.com/store/apps/details?id=com.grabtaxi.passenger&reviewId=996c7264-7331-4fb6-9742-a3c20cf0f681,Negative,MALAY,0.5357152871593078,INDONESIAN,0.1048701703580829,0,,False
1616,android,ph,en,7970d1b3-63e6-4e6a-b03c-c23384e2a1c1,2026-04-18T07:49:15.250Z,5,,good app Malaysia,R A N A,5.406.1,,,https://play.google.com/store/apps/details?id=com.grabtaxi.passenger&reviewId=7970d1b3-63e6-4e6a-b03c-c23384e2a1c1,Positive,MALAY,0.5538469302533952,INDONESIAN,0.3951405532590269,0,,False
1632,android,ph,en,e7a31c8e-2f56-442d-b82d-85716f92b7c4,2026-04-18T03:56:29.624Z,2,,entah la.... dah siap awal sejam pun still datang kerja lambat. tadi je dah kena cancel 2 kali 👍,mijah shah,,,,https://play.google.com/store/apps/details?id=com.grabtaxi.passenger&reviewId=e7a31c8e-2f56-442d-b82d-85716f92b7c4,Negative,MALAY,0.5017934733466607,INDONESIAN,0.0245715428917233,0,,False
1636,android,ph,en,8ebb8b2e-385e-4827-a26a-ea93a418fb00,2026-04-18T03:21:10.978Z,5,,driver yg bagus pasal sanggup ambil job walaupun rugi sebab luar dari kawasan,Saiful Azran,5.405.0,,,https://play.google.com/store/apps/details?id=com.grabtaxi.passenger&reviewId=8ebb8b2e-385e-4827-a26a-ea93a418fb00,Positive,MALAY,0.5310855339849719,INDONESIAN,0.072002523845208,1,driver,False
1656,android,ph,en,e4ac52e2-3d97-4d10-9169-c02cf42eb7c2,2026-04-17T14:50:48.190Z,1,,"status pengiriman makanan udah selesai tapi makanan tidak diterima, ajukan komplain udah 24 jam tidak ada perkembangan",Sausa Jodypati,5.405.0,,,https://play.google.com/store/apps/details?id=com.grabtaxi.passenger&reviewId=e4ac52e2-3d97-4d10-9169-c02cf42eb7c2,Negative,INDONESIAN,0.6405871168625513,MALAY,0.2811812885427011,2,"tidak, udah",False
1682,android,ph,en,9acc2f3d-6f6a-4408-8ca3-4bf8e649286e,2026-04-17T08:21:48.522Z,1,,lme babi tnggu siall,voltiaaa,,,,https://play.google.com/store/apps/details?id=com.grabtaxi.passenger&reviewId=9acc2f3d-6f6a-4408-8ca3-4bf8e649286e,Negative,INDONESIAN,0.3788717090818188,TAGALOG,0.0866272725589104,0,,False
1687,android,ph,en,4491d4f9-656d-46cb-a255-c9004c8cb431,2026-04-17T07:21:00.490Z,5,,Sangat memuaskan,Adelinajaffelin Andrian,5.405.0,,,https://play.google.com/store/apps/details?id=com.grabtaxi.passenger&reviewId=4491d4f9-656d-46cb-a255-c9004c8cb431,Positive,INDONESIAN,0.5279207727440431,MALAY,0.0561873513756195,0,,False
1694,android,ph,en,66009ced-f52e-4c27-8485-70c30139a87a,2026-04-17T06:36:58.321Z,1,,"Ga bs pesan grab food meni baru bikin ribet kebanhakan option, ga bs di proses",chaz james,5.405.0,,,https://play.google.com/store/apps/details?id=com.grabtaxi.passenger&reviewId=66009ced-f52e-4c27-8485-70c30139a87a,Negative,INDONESIAN,0.4901623181320142,MALAY,0.2459244403256827,0,,False
1718,android,ph,en,97464886-883a-47d4-811f-514fa22cbde8,2026-04-16T23:12:12.895Z,1,,orang Yang bawa grab ni dah Kaya ke hahahah susah sgt nak dapat pemandu sekarang ni,eiy Dh,5.395.0,,,https://play.google.com/store/apps/details?id=com.grabtaxi.passenger&reviewId=97464886-883a-47d4-811f-514fa22cbde8,Negative,MALAY,0.4739256290256348,INDONESIAN,0.0362166376837582,2,"sekarang, yang",False
1735,android,ph,en,c4f80fd2-9ffc-4e72-a18d-299d2855e31f,2026-04-16T13:04:58.516Z,5,,alhamdulillah..harga mknan melalui grab lbh murah banding apps lain,Mardiana Daud,5.405.0,,,https://play.google.com/store/apps/details?id=com.grabtaxi.passenger&reviewId=c4f80fd2-9ffc-4e72-a18d-299d2855e31f,Positive,MALAY,0.6238405019626296,INDONESIAN,0.2477336297094604,0,,False
1740,android,ph,en,a45de671-cd06-46ea-ba61-e3e561d72e91,2026-04-16T11:26:43.491Z,1,,BANK DAH TOLAK TAPI TOPUP TAK MASUK,Hijau • Ungu,5.405.0,,,https://play.google.com/store/apps/details?id=com.grabtaxi.passenger&reviewId=a45de671-cd06-46ea-ba61-e3e561d72e91,Negative,MALAY,0.6404438196903491,INDONESIAN,0.3334617091760207,0,,False
1798,android,ph,en,468d3d8c-4fb9-4b56-9df8-cd95b3d39e9a,2026-04-15T11:56:05.102Z,2,,"sering ngaco, driver jauh jauh terus.",puput febrianto,5.396.0,,,https://play.google.com/store/apps/details?id=com.grabtaxi.passenger&reviewId=468d3d8c-4fb9-4b56-9df8-cd95b3d39e9a,Negative,INDONESIAN,0.4568025967386458,MALAY,0.1549154228041805,1,driver,False
1803,android,ph,en,2668ed0c-2527-4ece-b74a-35bfaf7e9041,2026-04-15T11:23:01.498Z,2,,"saye top up duit tadi dlm grab, tk masuk2 lagi.",Nur Hazirah Ramli,5.404.1,,,https://play.google.com/store/apps/details?id=com.grabtaxi.passenger&reviewId=2668ed0c-2527-4ece-b74a-35bfaf7e9041,Negative,INDONESIAN,0.4310706014563957,MALAY,0.0247527604651087,0,,False
1852,android,ph,en,b53da8db-16cd-4e3c-ae6c-ddce9608a720,2026-04-14T13:37:30.390Z,1,,"eh sial penat² aku add to cart kira sume last"" tkle terima cash",Iman Encem,,,,https://play.google.com/store/apps/details?id=com.grabtaxi.passenger&reviewId=b53da8db-16cd-4e3c-ae6c-ddce9608a720,Negative,INDONESIAN,0.3920870522457456,MALAY,0.1075103618315612,0,,False
1926,android,ph,en,0544854e-6579-4524-8c61-9a1eef11ac38,2026-04-13T07:45:43.941Z,1,,"kurangin lah notifikasi iklannya, agen delivery apa agen iklan sih",Arief Rakhmani,5.404.1,,,https://play.google.com/store/apps/details?id=com.grabtaxi.passenger&reviewId=0544854e-6579-4524-8c61-9a1eef11ac38,Negative,INDONESIAN,0.5491623708932307,MALAY,0.1708396983880578,0,,False
1996,android,ph,en,1a5c91b7-b643-4a26-84b2-4386aeffaa36,2026-04-12T09:00:21.334Z,1,,lama grabpick upnya gak lagi pake grab,Lia Melinda,5.404.1,,,https://play.google.com/store/apps/details?id=com.grabtaxi.passenger&reviewId=1a5c91b7-b643-4a26-84b2-4386aeffaa36,Negative,INDONESIAN,0.463326513324531,TAGALOG,0.077222353061217,2,"gak, pake",False
2000,android,ph,en,6f80c85b-e162-40f8-ac90-aa9c83ce57b9,2026-04-12T07:35:59.870Z,1,,sgt teruk.. asyik delay² sampai 2 jam delay.. tempat dekat je tp delay mcm kedai tu luar kawasan.. grab sgt teruk la 3x dh kena cmni bad ever,atikah ghazali,5.405.0,,,https://play.google.com/store/apps/details?id=com.grabtaxi.passenger&reviewId=6f80c85b-e162-40f8-ac90-aa9c83ce57b9,Negative,MALAY,0.5249963600313176,INDONESIAN,0.0605272679831771,0,,False
2003,android,ph,en,a5948a5a-31ec-49b2-8f24-611e372893be,2026-04-12T06:17:21.878Z,4,,harusnya ada notifikasi makanan non halal,Eko Permodo,5.404.1,,,https://play.google.com/store/apps/details?id=com.grabtaxi.passenger&reviewId=a5948a5a-31ec-49b2-8f24-611e372893be,Positive,INDONESIAN,0.6490744761783981,MALAY,0.3002577364880847,0,,False
2016,android,ph,en,a3d105fb-65bb-49d4-9532-424192861067,2026-04-11T23:28:44.780Z,1,,Kapitalisasi tingkat dewa,Chaerul,5.404.1,,,https://play.google.com/store/apps/details?id=com.grabtaxi.passenger&reviewId=a3d105fb-65bb-49d4-9532-424192861067,Negative,INDONESIAN,0.6192215978189445,MALAY,0.2701550745421343,0,,False
2017,android,ph,en,15554b45-2976-4fb7-9bc2-6d10d44c9079,2026-04-11T22:32:10.839Z,1,,"Driver Grab pengecut, takut sama hujan.",Widi Andini,,"Mohon maaf ya atas ketidaknyamanan yang terjadi.
Apabila Kakak memiliki kendala saat menggunakan aplikasi Grab atau tidak nyaman dengan pelayanan kami, Kakak bisa memilih keluhan yang sesuai di link berikut ya https://grb.to/consumeridhelpcenter 🙏 Terima kasih",2025-11-13T11:24:01.232Z,https://play.google.com/store/apps/details?id=com.grabtaxi.passenger&reviewId=15554b45-2976-4fb7-9bc2-6d10d44c9079,Negative,MALAY,0.5284803153916585,INDONESIAN,0.1235899094249077,1,driver,False
2049,android,ph,en,8816b711-2472-4b54-8b61-c5b291dd3028,2026-04-11T10:11:15.346Z,1,,"Susah dapat driver, lokasi driver jauh ketika jemput, tidak efisien waktu",Kucing Bulan,,,,https://play.google.com/store/apps/details?id=com.grabtaxi.passenger&reviewId=8816b711-2472-4b54-8b61-c5b291dd3028,Negative,INDONESIAN,0.5739330424567631,MALAY,0.1483863949478361,2,"driver, tidak",False
2050,android,ph,en,da4ee3d5-1233-4102-a280-f6c4ca7f4d59,2026-04-11T10:02:21.670Z,1,,"Aplikasinya jelek. Drivernya gak mau pick up, kena cancel terus.",Pomegranate,5.404.1,"Mohon maaf ya atas ketidaknyamanan yang terjadi.
Apabila Kakak memiliki kendala saat menggunakan aplikasi Grab atau tidak nyaman dengan pelayanan kami, Kakak bisa memilih keluhan yang sesuai di link berikut ya https://grb.to/consumeridhelpcenter 🙏 Terima kasih",2025-12-07T08:45:56.405Z,https://play.google.com/store/apps/details?id=com.grabtaxi.passenger&reviewId=da4ee3d5-1233-4102-a280-f6c4ca7f4d59,Negative,INDONESIAN,0.5921330505056269,MALAY,0.2098185537771589,2,"gak, jelek",False
2058,android,ph,en,150806cd-e248-4c29-8684-181c7d282600,2026-04-11T07:32:57.940Z,5,,titi dijalan ya mas,Teguh Tomi,5.404.1,,,https://play.google.com/store/apps/details?id=com.grabtaxi.passenger&reviewId=150806cd-e248-4c29-8684-181c7d282600,Positive,MALAY,0.5365444478931599,INDONESIAN,0.1319674146717169,0,,False
2070,android,ph,en,6b424256-6485-4626-9a56-d928d00b4cad,2026-04-11T04:06:23.356Z,1,,"menyusahkan orang , tolak duit auto tanpa sebab , lepastu nak refund lambat",Farah Izzati,5.404.1,,,https://play.google.com/store/apps/details?id=com.grabtaxi.passenger&reviewId=6b424256-6485-4626-9a56-d928d00b4cad,Negative,MALAY,0.5670530703266141,INDONESIAN,0.1344847069576083,0,,False
2083,android,ph,en,c4a59915-5f0a-4ec1-adda-e27b72d82fce,2026-04-10T18:26:04.226Z,5,,apps yang sangat bagus owkwowkowkwowk,Zulfan qayyum,,,,https://play.google.com/store/apps/details?id=com.grabtaxi.passenger&reviewId=c4a59915-5f0a-4ec1-adda-e27b72d82fce,Positive,INDONESIAN,0.644415588729408,ENGLISH,0.3899829192660085,1,yang,False
2105,android,ph,en,a95f65bd-ce84-4439-a9ec-91374b818e65,2026-04-10T11:41:05.721Z,5,,banyak promo bagusssss,Cucu Cahyati,5.404.1,,,https://play.google.com/store/apps/details?id=com.grabtaxi.passenger&reviewId=a95f65bd-ce84-4439-a9ec-91374b818e65,Positive,MALAY,0.4484443360776722,INDONESIAN,0.0980032633029765,0,,False
2107,android,ph,en,62cf03ee-7754-45e5-bd57-7b200f4b7383,2026-04-10T11:12:48.870Z,4,,lain internat di sekitar pasir gudang kurang bagus,ahmad riza,5.404.1,,,https://play.google.com/store/apps/details?id=com.grabtaxi.passenger&reviewId=62cf03ee-7754-45e5-bd57-7b200f4b7383,Positive,INDONESIAN,0.641157354737811,MALAY,0.2943187288524105,0,,False
2112,android,ph,en,ad9f9cde-7100-4ff4-900f-929299d62be1,2026-04-10T09:59:51.399Z,1,,"PASTI KALO HUJAN SELALU GA DAPET DRIVER, PADA NIAT GA SIH CARI DUIT. SATU JAM SETENGAH LEBIH GA DAPET"" ASTAGA. BENERIN YA GRAB, KALO EMG NIAT CARI REJEKI GA USH MILIH""",k y,5.399.0,,,https://play.google.com/store/apps/details?id=com.grabtaxi.passenger&reviewId=ad9f9cde-7100-4ff4-900f-929299d62be1,Negative,MALAY,0.5358026538269415,INDONESIAN,0.0716053076538853,2,"driver, kalo",False
2177,android,ph,en,24ec89bf-0704-4899-95cc-b889407e644f,2026-04-09T12:03:37.428Z,1,,susah giler nak cancel grab food order ke apa...giler ssh,QISYA KHADEEJA 2,5.404.1,,,https://play.google.com/store/apps/details?id=com.grabtaxi.passenger&reviewId=24ec89bf-0704-4899-95cc-b889407e644f,Negative,INDONESIAN,0.2924047821980255,TAGALOG,0.0377544403538309,0,,False
2181,android,ph,en,459aef75-4761-49e4-b261-329739ad0ea1,2026-04-09T11:16:29.123Z,1,,"Mana udh mahal, ngasih driver 15menit keatas away. ???",Yanguu,,,,https://play.google.com/store/apps/details?id=com.grabtaxi.passenger&reviewId=459aef75-4761-49e4-b261-329739ad0ea1,Negative,INDONESIAN,0.4438088024956491,MALAY,0.1560200844477735,1,driver,False
2201,android,ph,en,ca3aea13-591b-462c-b5bc-2088cfecd6dd,2026-04-09T06:40:15.846Z,5,,masarap siya subra,Catherine Dela cruz,5.404.1,We are grateful you took the time to leave us a 5-star review! 💚,2026-04-21T06:30:34.350Z,https://play.google.com/store/apps/details?id=com.grabtaxi.passenger&reviewId=ca3aea13-591b-462c-b5bc-2088cfecd6dd,Positive,MALAY,0.4211724435958779,TAGALOG,0.0553488888342754,0,,False
2233,android,ph,en,66f37788-b9a2-4b16-ad9a-267c095a0c2d,2026-04-08T11:18:14.457Z,1,,ketika hujan mustahil dapat driver,Pandubagaskoro Nayotama,,,,https://play.google.com/store/apps/details?id=com.grabtaxi.passenger&reviewId=66f37788-b9a2-4b16-ad9a-267c095a0c2d,Negative,MALAY,0.6192720237497409,INDONESIAN,0.2738304514580412,1,driver,False
2249,android,ph,en,f49e9f47-d63f-4ffe-9356-c3a37657db7c,2026-04-08T07:43:01.508Z,3,,sering error kenapa ya?,Risye Rahmawati,5.404.1,,,https://play.google.com/store/apps/details?id=com.grabtaxi.passenger&reviewId=f49e9f47-d63f-4ffe-9356-c3a37657db7c,Neutral,INDONESIAN,0.4772242577890394,MALAY,0.1378487761402543,0,,False
2303,android,ph,en,396a73c1-e474-4933-a005-165b474bc75e,2026-04-07T08:08:37.939Z,4,,"semua oke, tp aplikasi nya suka error",violin alya syafa kamila,5.403.0,,,https://play.google.com/store/apps/details?id=com.grabtaxi.passenger&reviewId=396a73c1-e474-4933-a005-165b474bc75e,Positive,INDONESIAN,0.5706183857376926,MALAY,0.1623311319176726,1,aplikasi,False
2326,android,ph,en,373c3ae7-35f3-4848-a468-2ff3b48a2540,2026-04-07T00:43:59.616Z,1,,"Order dan menunggu selama masa yg lebih dari sepatut. lepas tu tak response. Bila kami Call pun tak sambut. Lepas tu aku terpaksa cancel,sebab lama tunggu . Sistem charge cancel fee lagi.",Humming Bird,5.403.0,,,https://play.google.com/store/apps/details?id=com.grabtaxi.passenger&reviewId=373c3ae7-35f3-4848-a468-2ff3b48a2540,Negative,MALAY,0.5101635133517964,INDONESIAN,0.0203270267036003,1,dan,False
2395,android,ph,en,5a1e373d-dae6-48ce-a599-602be6029b76,2026-04-05T19:50:43.111Z,1,,ini kenapa ya drivernya pada jauh bangettt,Fery,5.389.0,,,https://play.google.com/store/apps/details?id=com.grabtaxi.passenger&reviewId=5a1e373d-dae6-48ce-a599-602be6029b76,Negative,INDONESIAN,0.5930562603578438,MALAY,0.2185073560664734,0,,False
2416,android,ph,en,4441b3ca-8092-4d05-ae4e-5f9e1d65c885,2026-04-05T11:35:50.650Z,1,,Makanan tak sedap.. Harga mahal... Suo ayam pucat.. Tak berbaloi dgn harga.. Rasa kureng. Saya tak rekomen kedai ni.... Jgn beli.. Anda akan menyesal,Liza,,,,https://play.google.com/store/apps/details?id=com.grabtaxi.passenger&reviewId=4441b3ca-8092-4d05-ae4e-5f9e1d65c885,Negative,INDONESIAN,0.6108394834613144,MALAY,0.2378776348339488,1,saya,False
2446,android,ph,en,df1600f7-1491-4c49-b1cf-f7ed80fbf557,2026-04-05T03:32:23.961Z,5,,pemandu grab memang baik sangat,Marina Wong,5.394.0,,,https://play.google.com/store/apps/details?id=com.grabtaxi.passenger&reviewId=df1600f7-1491-4c49-b1cf-f7ed80fbf557,Positive,MALAY,0.5205240949302326,INDONESIAN,0.0653255430370166,0,,False
2470,android,ph,en,0be1c7be-3f07-445e-a036-cd1ad1577058,2026-04-04T16:57:20.488Z,5,,app yang paling okey untuk transport,Syah mi,5.403.0,,,https://play.google.com/store/apps/details?id=com.grabtaxi.passenger&reviewId=0be1c7be-3f07-445e-a036-cd1ad1577058,Positive,INDONESIAN,0.467127299619568,TAGALOG,0.1746595093412423,2,"untuk, yang",False
2485,android,ph,en,f29041f5-3744-418a-af8e-76da8887d1ca,2026-04-04T11:57:47.909Z,5,,"banyak diskaun, mudah guna, xde masalah langsung sepanjang guna app ni",Adeef Lorencius Piturus,5.402.0,,,https://play.google.com/store/apps/details?id=com.grabtaxi.passenger&reviewId=f29041f5-3744-418a-af8e-76da8887d1ca,Positive,MALAY,0.6467575974359202,INDONESIAN,0.2940283402065243,0,,False
2508,android,ph,en,1535c9fd-da70-4bff-bbeb-962ee568a3b1,2026-04-04T07:36:46.733Z,5,,"Alhamdulillah, terimakaseh 🙏",Mat BMX,5.403.0,,,https://play.google.com/store/apps/details?id=com.grabtaxi.passenger&reviewId=1535c9fd-da70-4bff-bbeb-962ee568a3b1,Positive,INDONESIAN,0.5321541754693647,MALAY,0.0648838763987088,0,,False
2511,android,ph,en,d9be2ae3-c52c-4212-865c-ae88186d249b,2026-04-04T06:29:38.734Z,1,,grab bike parah!!! selalu dapat driver jauh dari lokasi penjemputan!!!!,sjanadi pangestu,5.403.0,,,https://play.google.com/store/apps/details?id=com.grabtaxi.passenger&reviewId=d9be2ae3-c52c-4212-865c-ae88186d249b,Negative,INDONESIAN,0.5151564575031135,MALAY,0.0346476693555311,1,driver,False
2520,android,ph,en,92f7863a-c4db-498a-9ace-0407a03522e8,2026-04-04T04:19:28.698Z,1,,Iklan di aplikasinya ganggu,Jonathan Karel,5.403.0,,,https://play.google.com/store/apps/details?id=com.grabtaxi.passenger&reviewId=92f7863a-c4db-498a-9ace-0407a03522e8,Negative,INDONESIAN,0.6017307830390671,MALAY,0.2143763040004277,0,,False
2543,android,ph,en,132ebf68-5beb-4d05-b76f-eb59c10e8460,2026-04-03T15:54:56.806Z,1,,"apk aneh, gbs cancel order pdhl 1 menit pun blm",Phebe Tania,5.403.0,,,https://play.google.com/store/apps/details?id=com.grabtaxi.passenger&reviewId=132ebf68-5beb-4d05-b76f-eb59c10e8460,Negative,INDONESIAN,0.3918144557964989,ENGLISH,0.1719586849797462,0,,False
2620,android,ph,en,45e0ebd9-3e56-49d1-b110-91b62f3f000e,2026-04-02T13:22:26.831Z,1,,"ngga jelas, pesen makanan dibatalkan mulu",Nico Adhitama,5.403.0,,,https://play.google.com/store/apps/details?id=com.grabtaxi.passenger&reviewId=45e0ebd9-3e56-49d1-b110-91b62f3f000e,Negative,MALAY,0.5065103776994979,INDONESIAN,0.0196840266717302,0,,False
2627,android,ph,en,3b4787bc-d83e-4e82-bd54-8fbea3953254,2026-04-02T12:18:22.929Z,1,,duit refund ga masuk,trian destiana,,,,https://play.google.com/store/apps/details?id=com.grabtaxi.passenger&reviewId=3b4787bc-d83e-4e82-bd54-8fbea3953254,Negative,MALAY,0.4063524993864305,INDONESIAN,0.0923683096295727,0,,False
2640,android,ph,en,0403949a-0b60-4f9f-9340-ae18ddaf6b92,2026-04-02T10:21:57.373Z,1,,"Drivernya pada hobi nge-ghosting. Buang buang waktu aja, tinggal minta cancel kalau gak mau narik apa susahnya.",Vitya 74,5.200.0,,,https://play.google.com/store/apps/details?id=com.grabtaxi.passenger&reviewId=0403949a-0b60-4f9f-9340-ae18ddaf6b92,Negative,INDONESIAN,0.605408054803771,MALAY,0.2131720118777442,2,"gak, kalau",False
2644,android,ph,en,2475f9ca-f4a9-4d31-9873-2f9d7fc5d16a,2026-04-02T09:31:52.532Z,1,,pesen grab car 4 kali di cancel no good aplikasi,SUPRIADI,5.403.0,,,https://play.google.com/store/apps/details?id=com.grabtaxi.passenger&reviewId=2475f9ca-f4a9-4d31-9873-2f9d7fc5d16a,Negative,MALAY,0.4063590460706036,INDONESIAN,0.0392271156058535,1,aplikasi,False
2679,android,ph,en,6201dee8-d2eb-47f3-8f12-561f271414f1,2026-04-02T00:24:50.910Z,1,,"susah dpt driver, bye !",Es We,5.403.0,,,https://play.google.com/store/apps/details?id=com.grabtaxi.passenger&reviewId=6201dee8-d2eb-47f3-8f12-561f271414f1,Negative,INDONESIAN,0.3227261970650074,TAGALOG,0.0462404931453163,1,driver,False
2694,android,ph,en,d4f7159a-7fbf-421d-a522-f52700b3ad37,2026-04-01T13:37:07.650Z,5,,sangat membantu saat saya memerlukan bantuan. terima kasih banyak banyak.,Faridah Frontier,,,,https://play.google.com/store/apps/details?id=com.grabtaxi.passenger&reviewId=d4f7159a-7fbf-421d-a522-f52700b3ad37,Positive,MALAY,0.5402303497054458,INDONESIAN,0.0804721433661764,1,saya,False
2707,android,ph,en,c1b0a36c-3f1d-46d5-b433-bf0578fd2c79,2026-04-01T10:35:11.997Z,1,,Sampah.. Monopli driver saat lagi rush hour..,Lima Sore,5.389.0,,,https://play.google.com/store/apps/details?id=com.grabtaxi.passenger&reviewId=c1b0a36c-3f1d-46d5-b433-bf0578fd2c79,Negative,INDONESIAN,0.4042376696549767,MALAY,0.1582179497897816,1,driver,False
2710,android,ph,en,357a7e8d-a018-458b-ac6c-71c778a17003,2026-04-01T10:03:47.770Z,1,,cancel oreeran grab food nya ga bisa padahal belom 15 menit,Setiyo Anargya,5.403.0,,,https://play.google.com/store/apps/details?id=com.grabtaxi.passenger&reviewId=357a7e8d-a018-458b-ac6c-71c778a17003,Negative,INDONESIAN,0.5244091375022922,TAGALOG,0.2807581443043749,2,"belom, bisa",False
2734,android,ph,en,5ec9b573-e623-4777-af72-4dd32d771a44,2026-04-01T05:12:32.857Z,5,,penghantaran sangat cepat,Md Yusslin Md Yusoff,5.403.0,,,https://play.google.com/store/apps/details?id=com.grabtaxi.passenger&reviewId=5ec9b573-e623-4777-af72-4dd32d771a44,Positive,MALAY,0.5725851068743324,INDONESIAN,0.1459320637488164,0,,False
2746,android,ph,en,132702e0-d6f2-483b-9a5b-9b631dd16553,2026-04-01T02:44:46.717Z,1,,"sejak driver blh cancel penumpang, hari² kena cancel.. dh nk ikut perangai maxim kelas murahan.. bukan peak time cancel sbb murah, dh peak time tmbg mahal pon cancel sbb jem.. pelik aku oerangai driver sejak blh cancel penumpang ni.",Norrr Azuaaarri_,5.403.0,,,https://play.google.com/store/apps/details?id=com.grabtaxi.passenger&reviewId=132702e0-d6f2-483b-9a5b-9b631dd16553,Negative,MALAY,0.5533007199102665,INDONESIAN,0.1066363818622563,1,driver,False
2758,android,ph,en,57309c22-9ffd-4cd6-9982-6c00d50977ce,2026-03-31T18:13:26.660Z,4,,Langganan buat aplikasi gojek tapi ya lumayan lama buat cari drivernya,Ferron Gistah,,,,https://play.google.com/store/apps/details?id=com.grabtaxi.passenger&reviewId=57309c22-9ffd-4cd6-9982-6c00d50977ce,Positive,MALAY,0.4898199765114012,INDONESIAN,0.0548531010028906,1,aplikasi,False
2766,android,ph,en,43143bb2-f176-4b65-bfa2-b371a07ee4e9,2026-03-31T14:13:24.533Z,2,,"sulit cari driver,lama sekali",ademayang kireina,5.403.0,,,https://play.google.com/store/apps/details?id=com.grabtaxi.passenger&reviewId=43143bb2-f176-4b65-bfa2-b371a07ee4e9,Negative,INDONESIAN,0.4233730055748997,MALAY,0.05614101130017,1,driver,False
2821,android,ph,en,0c5490f9-d952-4731-bcfb-653cadc27d1b,2026-03-31T00:49:35.309Z,1,,aplikasi berbayar seharusnya ga ada iklan,Muhammad Shahreza,5.403.0,,,https://play.google.com/store/apps/details?id=com.grabtaxi.passenger&reviewId=0c5490f9-d952-4731-bcfb-653cadc27d1b,Negative,INDONESIAN,0.6000276987486967,MALAY,0.2011155472127426,2,"aplikasi, seharusnya",False
2844,android,ph,en,e97045a9-509a-4d3a-b87f-f780a0232867,2026-03-30T13:45:31.750Z,1,,"Pesan makan nunggu lama , malah di cancel sepihak!",R S.H.S,5.403.0,,,https://play.google.com/store/apps/details?id=com.grabtaxi.passenger&reviewId=e97045a9-509a-4d3a-b87f-f780a0232867,Negative,INDONESIAN,0.6208501344972267,MALAY,0.2460472245008308,1,malah,False
2847,android,ph,en,85f2526c-156d-485b-a009-a6d5cfec0e3c,2026-03-30T13:26:25.170Z,1,,"nyebelin ya belakangan ini, udh nunggu lama2, tau2 tercancel mulu. bilangnya gada driver. emang segitunya kah??",Chynthia Defriana,5.403.0,,,https://play.google.com/store/apps/details?id=com.grabtaxi.passenger&reviewId=85f2526c-156d-485b-a009-a6d5cfec0e3c,Negative,MALAY,0.5369614528376273,INDONESIAN,0.0744990657908724,1,driver,False
2863,android,ph,en,e8410be7-4110-4b1c-8095-178c79eed7e9,2026-03-30T10:30:39.798Z,1,,aplikasi sampah. cs isinya bot semua,AntsBite,,,,https://play.google.com/store/apps/details?id=com.grabtaxi.passenger&reviewId=e8410be7-4110-4b1c-8095-178c79eed7e9,Negative,INDONESIAN,0.6162335220952941,MALAY,0.2422933581787391,1,aplikasi,False
2876,android,ph,en,8416237e-ff8d-4a2f-a72c-db8638ace8aa,2026-03-30T08:06:27.398Z,3,,"Bila topup tapi duit tak masuk dalam wallet grab, pastu nak tunggu 2 jam utk duit tu masuk kat grab wallet",Muhd hafis,5.403.0,,,https://play.google.com/store/apps/details?id=com.grabtaxi.passenger&reviewId=8416237e-ff8d-4a2f-a72c-db8638ace8aa,Neutral,MALAY,0.5861766457890533,INDONESIAN,0.2401978345324193,0,,False
2938,android,ph,en,8ff5c33b-d03c-44b1-8eaf-7e81f7fe21a7,2026-03-29T09:17:09.675Z,1,,mau bayar pake ovo aja harus bayar 9000 dulu,Red Ginseng,5.403.0,,,https://play.google.com/store/apps/details?id=com.grabtaxi.passenger&reviewId=8ff5c33b-d03c-44b1-8eaf-7e81f7fe21a7,Negative,INDONESIAN,0.5612214150950909,MALAY,0.2033819634161516,1,pake,False
2943,android,ph,en,3cf0245a-669b-41b0-b7f3-a2d18929ffe1,2026-03-29T08:05:25.120Z,3,,Atur titiknya agak susah jadi kadang geser dari tujuan,Fatih Abdul Hakim,,,,https://play.google.com/store/apps/details?id=com.grabtaxi.passenger&reviewId=3cf0245a-669b-41b0-b7f3-a2d18929ffe1,Neutral,INDONESIAN,0.5731359334678694,MALAY,0.1463435661463351,1,jadi,False
2950,android,ph,en,e0d27f40-855b-47c1-a0d6-69331cc819d2,2026-03-29T06:18:17.649Z,1,,"apaansi org udh laper nunggu dapet driver 1 jam an tiba"" dicancel",Felicia Clarisha,5.403.0,,,https://play.google.com/store/apps/details?id=com.grabtaxi.passenger&reviewId=e0d27f40-855b-47c1-a0d6-69331cc819d2,Negative,INDONESIAN,0.4208733752850165,TAGALOG,0.0282426256614113,1,driver,False
2968,android,ph,en,98b3f058-0de7-4267-9716-f75fbe1e685c,2026-03-29T01:44:58.491Z,5,,Senang ada grab.senang pergi mana2 pun.tq grab👍,Thien Heevun,5.403.0,,,https://play.google.com/store/apps/details?id=com.grabtaxi.passenger&reviewId=98b3f058-0de7-4267-9716-f75fbe1e685c,Positive,INDONESIAN,0.4820236782834068,MALAY,0.0646428325836157,0,,False
2975,android,ph,en,d5aa0211-e639-42c8-a956-44b36d245040,2026-03-28T17:00:14.229Z,1,,ongkir rasa rampok,keei sake,5.403.0,,,https://play.google.com/store/apps/details?id=com.grabtaxi.passenger&reviewId=d5aa0211-e639-42c8-a956-44b36d245040,Negative,INDONESIAN,0.6424433671878942,MALAY,0.3787146365300394,0,,False
2996,android,ph,en,3ec58cd5-ca2d-4907-bc34-abba12cbcc9b,2026-03-28T11:29:30.462Z,1,,DRIVER TIDAK JELAS.,rizka prisilia,5.403.0,,,https://play.google.com/store/apps/details?id=com.grabtaxi.passenger&reviewId=3ec58cd5-ca2d-4907-bc34-abba12cbcc9b,Negative,INDONESIAN,0.5016763831903679,MALAY,0.0490659833585734,2,"driver, tidak",False
3029,android,ph,en,53de77ef-439b-4743-89a7-eaa6f883e240,2026-03-28T04:22:29.829Z,1,,app bodoh tk leh masuk pin harap app lain tk fution,Saqiif,5.403.0,,,https://play.google.com/store/apps/details?id=com.grabtaxi.passenger&reviewId=53de77ef-439b-4743-89a7-eaa6f883e240,Negative,INDONESIAN,0.4556850675566292,MALAY,0.0117013934080624,0,,False
3038,android,ph,en,1758ff6d-a3a0-4060-9113-9558357a9eb7,2026-03-27T19:18:49.859Z,1,,geli banget iklan pake kumis si adam. kek g ada model lain. mana dizoom2 tiap scenenya🤢,Twerking Seagull,5.402.0,,,https://play.google.com/store/apps/details?id=com.grabtaxi.passenger&reviewId=1758ff6d-a3a0-4060-9113-9558357a9eb7,Negative,INDONESIAN,0.5443337380391158,MALAY,0.2891046972281657,2,"banget, pake",False
3048,android,ph,en,3dec3739-9874-4674-bfed-de0e436637b8,2026-03-27T05:13:01.829Z,1,,"apps aneh, kasih promo pakai jam, giliran promo mao di pakai apps error. ga jelas makin kesini makin kurang",Sailor Mars,5.403.0,,,https://play.google.com/store/apps/details?id=com.grabtaxi.passenger&reviewId=3dec3739-9874-4674-bfed-de0e436637b8,Negative,INDONESIAN,0.586225688230495,MALAY,0.2236152274453529,1,makin,False
3059,android,ph,en,24098e71-539e-4107-ae15-642d4c479f2f,2026-03-27T01:37:08.166Z,5,,"Grab sangat memudahkan urusan harian, dari ride sampai food delivery semua ada. Senang dan reliable.",siti khadijah,,,,https://play.google.com/store/apps/details?id=com.grabtaxi.passenger&reviewId=24098e71-539e-4107-ae15-642d4c479f2f,Positive,INDONESIAN,0.6204595613979443,MALAY,0.2466880635306467,1,dan,False
3075,android,ph,en,8a346298-6a97-4a69-b0d9-e8bd715abe26,2026-03-25T23:50:24.661Z,1,,kenapa ya sopir2nya banyak yang minta dana tambhan kalo jauh,Asep Suryana,5.402.0,,,https://play.google.com/store/apps/details?id=com.grabtaxi.passenger&reviewId=8a346298-6a97-4a69-b0d9-e8bd715abe26,Negative,INDONESIAN,0.6066856508857472,MALAY,0.2697153094026197,2,"kalo, yang",False
3076,android,ph,en,12b828c7-16da-48ea-b034-c1cd76f67a8a,2026-03-25T23:35:02.324Z,2,,ada menu grab hemat tapi driver gak mau accept,tio Vermilion,5.397.0,,,https://play.google.com/store/apps/details?id=com.grabtaxi.passenger&reviewId=12b828c7-16da-48ea-b034-c1cd76f67a8a,Negative,INDONESIAN,0.2998289373476749,MALAY,0.0376150078461545,2,"driver, gak",False
3120,android,ph,en,6133f90a-3886-4a97-b7f8-a2bcc7c16c3b,2026-03-25T08:31:34.314Z,1,,"app paling bodoh aku guna , kalau ada 0 star dah lama aku bagi , lembab",izz,5.397.0,,,https://play.google.com/store/apps/details?id=com.grabtaxi.passenger&reviewId=6133f90a-3886-4a97-b7f8-a2bcc7c16c3b,Negative,MALAY,0.5035104112979212,INDONESIAN,0.0761727480626299,1,kalau,False
3132,android,ph,en,ba8cf33d-4945-42ae-8378-3a4886b5c8e3,2026-03-25T05:05:01.663Z,1,,"double order ide yang bodoh kak, maaf 🙏🏻🪓",Lessreal,5.401.0,,,https://play.google.com/store/apps/details?id=com.grabtaxi.passenger&reviewId=ba8cf33d-4945-42ae-8378-3a4886b5c8e3,Negative,INDONESIAN,0.3224814387822275,MALAY,0.0308955009366146,1,yang,False
3193,android,ph,en,132292ec-7d19-4b08-93db-df0957810ded,2026-03-24T05:56:54.717Z,3,,bagus dan Tidak cerewet,Mairah Saladaga,5.400.0,,,https://play.google.com/store/apps/details?id=com.grabtaxi.passenger&reviewId=132292ec-7d19-4b08-93db-df0957810ded,Neutral,INDONESIAN,0.5047043751687059,MALAY,0.0515827166940907,2,"dan, tidak",False
3217,android,ph,en,268587f6-2d24-4bc5-aadf-537483f94cbc,2026-03-23T15:23:58.710Z,1,,"aneh, gabisa dibatalin",rapi 2,5.401.0,,,https://play.google.com/store/apps/details?id=com.grabtaxi.passenger&reviewId=268587f6-2d24-4bc5-aadf-537483f94cbc,Negative,INDONESIAN,0.5528736130552668,TAGALOG,0.3225714481899132,0,,False
3219,android,ph,en,3cc8e7b6-4681-4524-9826-e4c66f779093,2026-03-23T14:33:19.840Z,3,,Drivernya jauh jauh banget!!!!,fahira syanzali,5.401.0,,,https://play.google.com/store/apps/details?id=com.grabtaxi.passenger&reviewId=3cc8e7b6-4681-4524-9826-e4c66f779093,Neutral,INDONESIAN,0.5786490113997813,MALAY,0.235592821817203,1,banget,False
3267,android,ph,en,db1ec844-6289-4033-9196-8bd197de1108,2026-03-22T17:09:28.764Z,1,,nk cari driver bapak lama,Danial Amrey,5.401.0,,,https://play.google.com/store/apps/details?id=com.grabtaxi.passenger&reviewId=db1ec844-6289-4033-9196-8bd197de1108,Negative,INDONESIAN,0.3654136014753025,MALAY,0.0610327388310855,1,driver,False
3298,android,ph,en,18c0ac8d-f90c-47dc-8e10-b92754ba68a7,2026-03-22T08:35:25.389Z,1,,"driver minta batalin, kita cancel dan disuruh bayar 3 ribu. sistem apa ini?",Christiano Geraldo,,,,https://play.google.com/store/apps/details?id=com.grabtaxi.passenger&reviewId=18c0ac8d-f90c-47dc-8e10-b92754ba68a7,Negative,MALAY,0.4796125975539226,INDONESIAN,0.0053472005703851,2,"dan, driver",False
3331,android,ph,en,77d50e5f-513c-4843-887f-47906cdceeea,2026-03-21T23:41:36.795Z,1,,"aplikasi yang membagongkan, cukup uninstalled",Isman Sulaeman,5.277.0,,,https://play.google.com/store/apps/details?id=com.grabtaxi.passenger&reviewId=77d50e5f-513c-4843-887f-47906cdceeea,Negative,INDONESIAN,0.4261683560374495,TAGALOG,0.1148390235618334,2,"aplikasi, yang",False
3338,android,ph,en,8b4ddccb-67e3-4109-9bd9-43237b6d7963,2026-03-21T15:48:47.527Z,1,,"pesen makanan susah nyari yg mau ngambil dan gada opsi pembatalan, dibatalin pas udah nunggu 1jam lebih",Adrian Saputra,,,,https://play.google.com/store/apps/details?id=com.grabtaxi.passenger&reviewId=8b4ddccb-67e3-4109-9bd9-43237b6d7963,Negative,MALAY,0.590899370930989,INDONESIAN,0.1834731337222901,2,"dan, udah",False
3340,android,ph,en,e6266062-7007-4b6e-b65e-50e6646e3a0f,2026-03-21T15:17:22.426Z,1,,Nunggu berjam-jam ternyata driver tidak tersedia,Suci Hariati,5.389.0,,,https://play.google.com/store/apps/details?id=com.grabtaxi.passenger&reviewId=e6266062-7007-4b6e-b65e-50e6646e3a0f,Negative,INDONESIAN,0.5420239579634284,MALAY,0.0844570276779491,2,"driver, tidak",False
3343,android,ph,en,ca21ca52-9043-4d8d-bf46-6f431fb3d631,2026-03-21T15:01:16.902Z,1,,"Sangat tidak membantu, waktu menunggu terlalu lama dan tidak ada penyelsaian. sangat tidak memuaskan",Mas Ryan,5.401.0,,,https://play.google.com/store/apps/details?id=com.grabtaxi.passenger&reviewId=ca21ca52-9043-4d8d-bf46-6f431fb3d631,Negative,MALAY,0.6460676842684037,INDONESIAN,0.2921357846589183,2,"dan, tidak",False
3382,android,ph,en,9c117470-4f71-4130-ad29-deb810325d15,2026-03-21T05:14:03.738Z,1,,"kacau ni apps, nunggu makanan cancelnya harus sejam, cs nya both, mending si shopee masih bisa di cancel jangka waktunya ngotak",dhistira tira,,,,https://play.google.com/store/apps/details?id=com.grabtaxi.passenger&reviewId=9c117470-4f71-4130-ad29-deb810325d15,Negative,INDONESIAN,0.6132744502834973,MALAY,0.2267118647741296,2,"bisa, masih",False
3384,android,ph,en,df7b5a3c-b7d2-4c54-9067-b5626e37ca4e,2026-03-21T04:13:50.696Z,5,,mantap.tak mengecewakan,rudi dee,5.397.0,,,https://play.google.com/store/apps/details?id=com.grabtaxi.passenger&reviewId=df7b5a3c-b7d2-4c54-9067-b5626e37ca4e,Positive,MALAY,0.5172740228050053,INDONESIAN,0.0347797702594927,0,,False
3388,android,ph,en,4988b6d0-4352-4ab1-8ecc-7b493651fe7d,2026-03-21T04:02:49.967Z,5,,driver sangat beri kerjasama,Abdul Halim,5.401.0,,,https://play.google.com/store/apps/details?id=com.grabtaxi.passenger&reviewId=4988b6d0-4352-4ab1-8ecc-7b493651fe7d,Positive,MALAY,0.5417787918673455,INDONESIAN,0.139000408690583,1,driver,False
3403,android,ph,en,974ad796-db63-48e9-ac9b-109e2e104407,2026-03-20T20:49:13.433Z,1,,driver sering membatalkan pesanan. sampah,Joni Disko,5.400.0,,,https://play.google.com/store/apps/details?id=com.grabtaxi.passenger&reviewId=974ad796-db63-48e9-ac9b-109e2e104407,Negative,INDONESIAN,0.5411772512381323,MALAY,0.1069246541096696,2,"driver, pesanan",False
3454,android,ph,en,e31d806d-18b6-44e7-8cd1-38eb3c1a7f54,2026-03-20T03:29:25.903Z,1,,banyak badddd notif iklannya!!!,akhwan,,,,https://play.google.com/store/apps/details?id=com.grabtaxi.passenger&reviewId=e31d806d-18b6-44e7-8cd1-38eb3c1a7f54,Negative,MALAY,0.5695159265355537,INDONESIAN,0.1774658087669788,0,,False
3542,android,ph,en,7dbdc5bf-de12-4cc5-8b25-3cfaedcc674f,2026-03-18T17:40:00.328Z,1,,App thì ổn nhưng đội quản lý và vận hành quá tệ,Nom Ani,5.401.0,,,https://play.google.com/store/apps/details?id=com.grabtaxi.passenger&reviewId=7dbdc5bf-de12-4cc5-8b25-3cfaedcc674f,Negative,INDONESIAN,0.637842073863516,TAGALOG,0.4384098498498602,0,,False
3573,android,ph,en,22836cdd-1562-49ca-a01d-e8febaf0d302,2026-03-18T06:42:23.727Z,1,,Nak dapatkan driver amatlah susah!! Driver amat selektif dan tiba-tiba cancel tempahan padahal dah accept.,Alhaj S.S.,5.401.0,,,https://play.google.com/store/apps/details?id=com.grabtaxi.passenger&reviewId=22836cdd-1562-49ca-a01d-e8febaf0d302,Negative,INDONESIAN,0.5004595070141958,MALAY,0.028083843153825,2,"dan, driver",False
3629,android,ph,en,79b39a79-e19d-47c7-9d65-0f0276ff7333,2026-03-17T09:09:23.585Z,1,,sumpa lambat nak bagi driver bnm!,ell fndee,5.393.0,,,https://play.google.com/store/apps/details?id=com.grabtaxi.passenger&reviewId=79b39a79-e19d-47c7-9d65-0f0276ff7333,Negative,MALAY,0.3801776423952568,INDONESIAN,0.0762695223894021,1,driver,False
3645,android,ph,en,e5ca32b9-10e5-46ef-aaa4-f050dfcc2d68,2026-03-16T22:39:23.363Z,3,,boleh tak letak bayaran ada touch n go.susah pakai bank kalau malam ada bank tak boleh bayar.,Athirah Ariffin,5.399.0,,,https://play.google.com/store/apps/details?id=com.grabtaxi.passenger&reviewId=e5ca32b9-10e5-46ef-aaa4-f050dfcc2d68,Neutral,MALAY,0.6055093268709406,INDONESIAN,0.239997644254337,1,kalau,False
3689,android,ph,en,67e545e7-0f6a-4c96-b168-7813d663f8a6,2026-03-16T06:54:13.441Z,3,,Tiba tiba Mahal Susah nk dpt,Tushan Lokanathen,5.401.0,,,https://play.google.com/store/apps/details?id=com.grabtaxi.passenger&reviewId=67e545e7-0f6a-4c96-b168-7813d663f8a6,Neutral,INDONESIAN,0.445002528643185,MALAY,0.1249373709938718,0,,False
3718,android,ph,en,c13107b4-c0ce-411a-a076-b65778fad7c3,2026-03-15T20:36:48.270Z,1,,Makin kecewa sih jujur,Bembi Alesta,5.368.0,,,https://play.google.com/store/apps/details?id=com.grabtaxi.passenger&reviewId=c13107b4-c0ce-411a-a076-b65778fad7c3,Negative,MALAY,0.5364713327136843,INDONESIAN,0.0819608298744765,1,makin,False
3749,android,ph,en,13bde5be-3be5-449e-b18e-febc539ec542,2026-03-15T11:10:32.177Z,1,,pesen makan lama ga dateng2 abis itu di cancel🫠,Damainy Nopkutua,5.400.0,,,https://play.google.com/store/apps/details?id=com.grabtaxi.passenger&reviewId=13bde5be-3be5-449e-b18e-febc539ec542,Negative,INDONESIAN,0.4852385024559802,MALAY,0.1684234669414141,0,,False
3790,android,ph,en,c37e43da-b8ac-44f0-9408-1ecac0180701,2026-03-15T02:01:59.536Z,1,,"ERROR, MEMESAN 1 GRAB MOTOR, YANG DATANG MALAH 2",Cleo morepain,,,,https://play.google.com/store/apps/details?id=com.grabtaxi.passenger&reviewId=c37e43da-b8ac-44f0-9408-1ecac0180701,Negative,INDONESIAN,0.5976808867030063,MALAY,0.326101311284711,2,"malah, yang",False
3796,android,ph,en,c363c18b-b6d4-4095-8066-1a232314ce94,2026-03-14T23:45:57.960Z,1,,layanan sameday tapi sudah 2 hari gak di pickup2... parah!!!,freddy setiadi,5.401.0,,,https://play.google.com/store/apps/details?id=com.grabtaxi.passenger&reviewId=c363c18b-b6d4-4095-8066-1a232314ce94,Negative,INDONESIAN,0.4914477627209261,MALAY,0.1914683320351025,2,"gak, sudah",False
3799,android,ph,en,d69696c8-231c-41d0-8c46-01ad3e2a0bdc,2026-03-14T22:28:41.646Z,1,,granb sudah gila dekat pun harga melambung tinggi. sampai rm49 bodoh betul lah,Nancy Syah,5.389.0,,,https://play.google.com/store/apps/details?id=com.grabtaxi.passenger&reviewId=d69696c8-231c-41d0-8c46-01ad3e2a0bdc,Negative,INDONESIAN,0.5579650723941527,MALAY,0.1175231008669329,1,sudah,False
3802,android,ph,en,a7f8122e-6a28-4d53-913a-421dc1c99056,2026-03-14T18:51:07.720Z,1,,"dulu bagus, sekarang sampah, 4 jam nunggu gk ada driver",sukran wahyudi,,,,https://play.google.com/store/apps/details?id=com.grabtaxi.passenger&reviewId=a7f8122e-6a28-4d53-913a-421dc1c99056,Negative,INDONESIAN,0.5991640547729024,MALAY,0.2339959084809764,2,"driver, sekarang",False
3822,android,ph,en,aa3d2580-1e4c-43b9-a5a2-238173b273ee,2026-03-14T12:46:32.164Z,1,,"dapet driver lama, jauh, + tarif naik 100% dari tarif biasanya",amira fatina,5.396.0,,,https://play.google.com/store/apps/details?id=com.grabtaxi.passenger&reviewId=aa3d2580-1e4c-43b9-a5a2-238173b273ee,Negative,INDONESIAN,0.6282551221761099,MALAY,0.2977794871724616,2,"driver, tarif",False
3846,android,ph,en,e645fd39-979d-4a36-b6f1-6debad197d75,2026-03-14T08:52:24.751Z,1,,cari driver susah,Daniel Prasetya,,,,https://play.google.com/store/apps/details?id=com.grabtaxi.passenger&reviewId=e645fd39-979d-4a36-b6f1-6debad197d75,Negative,MALAY,0.3961899903233352,INDONESIAN,0.084457013347388,1,driver,False
3890,android,ph,en,1a96537c-2dae-41ab-92de-88d09e06d8e0,2026-03-13T15:48:46.870Z,1,,"tarif mahal, susah cari driver",Koisein,5.401.0,,,https://play.google.com/store/apps/details?id=com.grabtaxi.passenger&reviewId=1a96537c-2dae-41ab-92de-88d09e06d8e0,Negative,INDONESIAN,0.3723481442975794,MALAY,0.0896241191391851,2,"driver, tarif",False
3903,android,ph,en,b643f24c-6abe-4272-a38f-74ec4889eae6,2026-03-13T13:28:44.690Z,1,,tbtb akun ke suspend gajelas,Zulfa Rafida,5.400.0,,,https://play.google.com/store/apps/details?id=com.grabtaxi.passenger&reviewId=b643f24c-6abe-4272-a38f-74ec4889eae6,Negative,MALAY,0.4753253052366977,INDONESIAN,0.063461405054948,0,,False
3924,android,ph,en,3532e170-c9a3-41da-874c-a39b77145a56,2026-03-13T09:55:10.282Z,4,,susah dapet drivernya,Kayyasah Imtinan,5.400.0,,,https://play.google.com/store/apps/details?id=com.grabtaxi.passenger&reviewId=3532e170-c9a3-41da-874c-a39b77145a56,Positive,INDONESIAN,0.4440753025589329,MALAY,0.0732018867482459,0,,False
3931,android,ph,en,276ad543-bc3f-49e6-9bd0-cc3906187408,2026-03-13T09:20:58.812Z,1,,bubarin aja. ga berguna untuk pesan ojek online,Jeaneria Rushadi,5.401.0,,,https://play.google.com/store/apps/details?id=com.grabtaxi.passenger&reviewId=276ad543-bc3f-49e6-9bd0-cc3906187408,Negative,MALAY,0.527879000180222,INDONESIAN,0.0599536915113271,1,untuk,False
3954,android,ph,en,4f296d61-cf12-4be6-993b-509f04dc0ad1,2026-03-13T04:14:53.972Z,5,,"good, saya suka kamu punya paylater 🫶",Salmah Mansul,5.387.1,,,https://play.google.com/store/apps/details?id=com.grabtaxi.passenger&reviewId=4f296d61-cf12-4be6-993b-509f04dc0ad1,Positive,MALAY,0.5156583177369938,INDONESIAN,0.2252308578838915,1,saya,False
3978,android,ph,en,5cf6384f-812f-4f28-a602-9e706169f1f6,2026-03-12T12:57:05.895Z,1,,"aplikasi gblk, pesen makanan kerjaannya dibatalin driver",Ervan,5.400.0,,,https://play.google.com/store/apps/details?id=com.grabtaxi.passenger&reviewId=5cf6384f-812f-4f28-a602-9e706169f1f6,Negative,INDONESIAN,0.5772701955144431,MALAY,0.1740447491646999,2,"aplikasi, driver",False
3988,android,ph,en,ab73a30e-3a54-4702-9a43-1cc5ef10d215,2026-03-12T10:40:10.490Z,1,,Customer service pake AI jadi Susah komunikasi refund.,Zasyaa,5.400.0,,,https://play.google.com/store/apps/details?id=com.grabtaxi.passenger&reviewId=ab73a30e-3a54-4702-9a43-1cc5ef10d215,Negative,INDONESIAN,0.5457254356770801,MALAY,0.3118993577664201,2,"jadi, pake",False
4030,android,ph,en,263c05af-3af9-496f-a2d6-b53ab82e4920,2026-03-12T01:34:27.513Z,1,,jelek. dikasih driver yg jauh2 bgt ngaco aja,Rayi Rahmanissa,5.400.0,,,https://play.google.com/store/apps/details?id=com.grabtaxi.passenger&reviewId=263c05af-3af9-496f-a2d6-b53ab82e4920,Negative,INDONESIAN,0.5742727654880346,MALAY,0.337423667386741,2,"driver, jelek",False
4041,android,ph,en,2c87379e-bc40-4d24-9002-61c86ffcc913,2026-03-11T22:43:16.389Z,1,,skg grab kok pada pake mobil yg GK bgs? pdhl udh pke grab car dpt nya yg AC nya GK kuat mobil nya kecil LG,Jussy Xie,5.400.0,,,https://play.google.com/store/apps/details?id=com.grabtaxi.passenger&reviewId=2c87379e-bc40-4d24-9002-61c86ffcc913,Negative,INDONESIAN,0.5969396065696999,MALAY,0.242457714604273,1,pake,False
4054,android,ph,en,41df5469-5247-483e-8ee8-29dd60608d04,2026-03-11T13:20:58.303Z,1,,orderan lama gak dateng dateng,Raffaele,5.400.0,,,https://play.google.com/store/apps/details?id=com.grabtaxi.passenger&reviewId=41df5469-5247-483e-8ee8-29dd60608d04,Negative,INDONESIAN,0.4511255535370939,TAGALOG,0.0947439742876012,1,gak,False
4062,android,ph,en,152b6a86-f531-42c2-a2f6-ae798bf46a6f,2026-03-11T11:56:35.589Z,1,,60 ringgit aq xde kt app grabfood bodoh ke ape bagi aq 30 ringgit je aq bagi 60,Muhammad Taufikul Azim Mohd Khirun,5.400.0,,,https://play.google.com/store/apps/details?id=com.grabtaxi.passenger&reviewId=152b6a86-f531-42c2-a2f6-ae798bf46a6f,Negative,INDONESIAN,0.5898332294636413,TAGALOG,0.357324429676521,0,,False
4067,android,ph,en,b145efaa-d999-485e-af69-421d4010b21e,2026-03-11T11:31:18.375Z,1,,app nya milih drivernya lama,Drums,5.400.0,,,https://play.google.com/store/apps/details?id=com.grabtaxi.passenger&reviewId=b145efaa-d999-485e-af69-421d4010b21e,Negative,MALAY,0.4771118613215421,INDONESIAN,0.1303866085168988,0,,False
4070,android,ph,en,86b63b4b-e075-4a04-a037-530fea9e4612,2026-03-11T10:37:02.716Z,1,,di cancel sebelum dapet persetujuan penumpang.,Getha Yohansa,5.400.0,,,https://play.google.com/store/apps/details?id=com.grabtaxi.passenger&reviewId=86b63b4b-e075-4a04-a037-530fea9e4612,Negative,INDONESIAN,0.6081618473841345,MALAY,0.2168233978763176,0,,False
4121,android,ph,en,3de2c2f2-68ae-4dde-b99a-86a5ab59e515,2026-03-10T13:01:40.923Z,1,,dah lama ga make. baru make. ngaco semua. pesen makan. nunggu 1 jam. dicancel. ga ada ganti rugi,Reza,5.400.0,,,https://play.google.com/store/apps/details?id=com.grabtaxi.passenger&reviewId=3de2c2f2-68ae-4dde-b99a-86a5ab59e515,Negative,INDONESIAN,0.5994285547827886,MALAY,0.214499358689733,0,,False
4130,android,ph,en,53579f10-883d-483b-833f-cf48e0c95c8d,2026-03-10T10:41:10.448Z,1,,2 JAM LEBIH NUNGGU MAKANAN DELAY GILA BANGET SAMPAH,Reynaldi,5.400.0,,,https://play.google.com/store/apps/details?id=com.grabtaxi.passenger&reviewId=53579f10-883d-483b-833f-cf48e0c95c8d,Negative,INDONESIAN,0.6259494263361782,MALAY,0.2763063640018266,1,banget,False
4163,android,ph,en,82b953de-a87a-4afc-a5b3-8314726a533c,2026-03-10T00:41:59.599Z,4,,"Layanan makin baik, tapi harga makin mahal",Bachtiar Arief,5.400.0,,,https://play.google.com/store/apps/details?id=com.grabtaxi.passenger&reviewId=82b953de-a87a-4afc-a5b3-8314726a533c,Positive,INDONESIAN,0.6375951043288192,MALAY,0.3728489179926393,1,makin,False
4178,android,ph,en,90525692-fd5d-455c-b974-ea5018c459e9,2026-03-09T13:00:04.545Z,1,,"lag terus, sudah saya uninstall terus di install lagi tetep aja lag",Nurra Fadillah,5.400.0,,,https://play.google.com/store/apps/details?id=com.grabtaxi.passenger&reviewId=90525692-fd5d-455c-b974-ea5018c459e9,Negative,INDONESIAN,0.6262745835447618,MALAY,0.3897034756512125,2,"saya, sudah",False
4189,android,ph,en,bb1d2d5e-9aa0-496f-a03e-09969d6f4ce0,2026-03-09T10:52:48.675Z,1,,makin aneh aplikasinya,36 Kesuma Henriansyah,5.385.0,,,https://play.google.com/store/apps/details?id=com.grabtaxi.passenger&reviewId=bb1d2d5e-9aa0-496f-a03e-09969d6f4ce0,Negative,INDONESIAN,0.6362360311291005,MALAY,0.3089900492194145,1,makin,False
4192,android,ph,en,b830a043-4b7d-49ae-a88e-88cd8be6e11a,2026-03-09T10:19:37.149Z,1,,"Driver udh pada males kerja, udh gaada yg mau ngambil, sekalinya ada jauh, drivernya juga menjauh tp ga dicancel",Alena,5.400.0,,,https://play.google.com/store/apps/details?id=com.grabtaxi.passenger&reviewId=b830a043-4b7d-49ae-a88e-88cd8be6e11a,Negative,INDONESIAN,0.5275652202057883,MALAY,0.0612227601143108,1,driver,False
4195,android,ph,en,b0590829-79f1-4088-ba22-3c690c3dacb4,2026-03-09T09:56:26.604Z,1,,bohong connection error mulu koneksi saya sdh bagus pake wifi pake data gbs gmn sih,rosalina margaretta,5.400.0,,,https://play.google.com/store/apps/details?id=com.grabtaxi.passenger&reviewId=b0590829-79f1-4088-ba22-3c690c3dacb4,Negative,INDONESIAN,0.6307888226918681,TAGALOG,0.3742413436416851,2,"pake, saya",False
4228,android,ph,en,7a885ac9-d775-400e-a24a-c39f2f8a4b9b,2026-03-09T01:03:56.596Z,2,,"drivernya dikasih yang jauh-jauh padahal buru2, bayar yang mahal sama hemat sama aja jauh jauh, padahal ada yang dekat",Sofie Andriani,5.399.0,,,https://play.google.com/store/apps/details?id=com.grabtaxi.passenger&reviewId=7a885ac9-d775-400e-a24a-c39f2f8a4b9b,Negative,INDONESIAN,0.6150694890523282,MALAY,0.24374079346017,1,yang,False
4229,android,ph,en,90ab236a-1f7d-426b-86a3-f76546c2afdc,2026-03-09T00:54:58.116Z,1,,"nyusahin driver pada cancel udah nunggu lama juga, kenapa juga driver harus jauh jauh sih",Desinta Lestari,5.399.0,,,https://play.google.com/store/apps/details?id=com.grabtaxi.passenger&reviewId=90ab236a-1f7d-426b-86a3-f76546c2afdc,Negative,MALAY,0.5590243358244817,INDONESIAN,0.1250149387258844,2,"driver, udah",False
4253,android,ph,en,3a51226d-ef05-498f-b5de-22fe6f4d206e,2026-03-08T13:31:01.949Z,1,,map-nya bermasalah.. tolong di update,Hendra,5.399.0,"Mohon maaf ya atas ketidaknyamanan yang terjadi.
Apabila Kakak memiliki kendala saat menggunakan aplikasi Grab atau tidak nyaman dengan pelayanan kami, Kakak bisa memilih keluhan yang sesuai di link berikut ya https://grb.to/consumeridhelpcenter 🙏 Terima kasih",2026-03-08T13:38:43.796Z,https://play.google.com/store/apps/details?id=com.grabtaxi.passenger&reviewId=3a51226d-ef05-498f-b5de-22fe6f4d206e,Negative,INDONESIAN,0.5564468936303201,MALAY,0.2083868240890474,1,tolong,False
4303,android,ph,en,9c8c61a9-2c5a-4ea6-8054-609b2551c75a,2026-03-08T05:37:58.453Z,1,,đặt giao đồ. báo là 12h kém tới mà 12h40 mới tới.,Minh Hoàng Vũ,5.399.0,"Grab chân thành cảm ơn bạn đã sử dụng dịch của Grab cũng như đóng góp ý kiến về ứng dụng, dịch vụ. Nếu bạn cần hỗ trợ thêm thông tin, đừng ngại inbox với Grab qua Fanpage hoặc phản hồi trực tiếp qua tin nhắn này nhé 💚 Chúc bạn một ngày thật nhiều niềm vui ạ 🙆‍♂️.

Suri",2026-03-28T09:01:21.243Z,https://play.google.com/store/apps/details?id=com.grabtaxi.passenger&reviewId=9c8c61a9-2c5a-4ea6-8054-609b2551c75a,Negative,MALAY,0.4159894304922273,TAGALOG,0.0165877564708733,0,,False
4346,android,ph,en,ba8fe8b4-4a05-4b25-826f-71b2605cbcbd,2026-03-07T11:34:38.194Z,1,,di tunda tunda mulu pesanannya,Deni Den,5.399.0,,,https://play.google.com/store/apps/details?id=com.grabtaxi.passenger&reviewId=ba8fe8b4-4a05-4b25-826f-71b2605cbcbd,Negative,INDONESIAN,0.5696121947127083,MALAY,0.1610977558740762,0,,False
4355,android,ph,en,d7b205e3-7f39-4d30-9ef6-fd7a2b11ca13,2026-03-07T10:11:41.389Z,1,,"apa la pny apps,drive sengaja xnk amik order..bodoh ke apa..",Amir Kyosho (Tekuni kKunyusu),5.400.0,,,https://play.google.com/store/apps/details?id=com.grabtaxi.passenger&reviewId=d7b205e3-7f39-4d30-9ef6-fd7a2b11ca13,Negative,INDONESIAN,0.4947445343896172,MALAY,0.0517024645169943,0,,False
4388,android,ph,en,c2212fef-aa77-4874-967b-37f59201661e,2026-03-07T01:09:14.510Z,5,,🤩🤩🤩🤩🤩👍🏻👍🏻👍🏻👍🏻👍🏻 Terima kasih banyak.,Dwi Pedang,5.400.0,,,https://play.google.com/store/apps/details?id=com.grabtaxi.passenger&reviewId=c2212fef-aa77-4874-967b-37f59201661e,Positive,MALAY,0.5089557138527258,INDONESIAN,0.026336211247362,0,,False
4406,android,ph,en,7c0cd77d-a648-4134-8667-5999159289c0,2026-03-06T12:48:05.649Z,3,,kalau pemandu yg cancel oder sila kenakan tindakan yg sepatutnya !!!! seperti mana pihak grab kenakn kepada cust kalau cancel oder !!!!,bambam gojes,5.399.0,,,https://play.google.com/store/apps/details?id=com.grabtaxi.passenger&reviewId=7c0cd77d-a648-4134-8667-5999159289c0,Neutral,MALAY,0.6028114478466132,INDONESIAN,0.205645862736072,1,kalau,False
4408,android,ph,en,594cf92d-15db-4dbe-bbae-a6820942e60b,2026-03-06T12:39:31.689Z,4,,order grab foodnya lama,Alsky Medio,5.399.0,,,https://play.google.com/store/apps/details?id=com.grabtaxi.passenger&reviewId=594cf92d-15db-4dbe-bbae-a6820942e60b,Positive,MALAY,0.6115154217955888,INDONESIAN,0.3462362185263688,0,,False
4433,android,ph,en,48149816-d608-43b0-a03a-ca718ffbd3fb,2026-03-06T07:34:33.648Z,1,,Driver selalu cancel,Sw,5.399.0,,,https://play.google.com/store/apps/details?id=com.grabtaxi.passenger&reviewId=48149816-d608-43b0-a03a-ca718ffbd3fb,Negative,INDONESIAN,0.4550312503569231,MALAY,0.0895544073993729,1,driver,False
4439,android,ph,en,4a239839-e194-40d0-afe3-c01b622ae70f,2026-03-06T06:05:27.893Z,1,,makin lama makin bodoh nie app saya pin location lain dia tukar pin location saya berapa kali paksa kejar grab car,abu bakar,5.399.0,,,https://play.google.com/store/apps/details?id=com.grabtaxi.passenger&reviewId=4a239839-e194-40d0-afe3-c01b622ae70f,Negative,INDONESIAN,0.4716196760882643,MALAY,0.0554027362624771,2,"makin, saya",False
4461,android,ph,en,c11752e5-b705-408b-b8af-4fed68668bc6,2026-03-06T02:05:25.552Z,1,,banyak tingkah mitta nya pd gamau ambil order. padahal instan.,SM,5.400.0,,,https://play.google.com/store/apps/details?id=com.grabtaxi.passenger&reviewId=c11752e5-b705-408b-b8af-4fed68668bc6,Negative,INDONESIAN,0.635574516429744,MALAY,0.3384285336505792,0,,False
4466,android,ph,en,ea794ee6-5ef7-4f2b-a04b-072ba94cc026,2026-03-06T01:06:48.936Z,2,,"maksudnya apa, pilihan car paling atas sekarang. disuruh pulang pergi naik mobil gitu?",Bonnies Ols,,,,https://play.google.com/store/apps/details?id=com.grabtaxi.passenger&reviewId=ea794ee6-5ef7-4f2b-a04b-072ba94cc026,Negative,INDONESIAN,0.5636647149441908,MALAY,0.1274221204467002,1,sekarang,False
4500,android,ph,en,2d3d9ccb-9dd9-4efc-8de9-0aeafcd9c2c1,2026-03-05T12:11:22.646Z,1,,apa guna kalau murah ke mahal ke takde siapa nak ambik aku sial ??,eri's online,5.399.0,,,https://play.google.com/store/apps/details?id=com.grabtaxi.passenger&reviewId=2d3d9ccb-9dd9-4efc-8de9-0aeafcd9c2c1,Negative,INDONESIAN,0.5651255161047528,MALAY,0.2182623860772265,1,kalau,False
4502,android,ph,en,284e5a0e-038e-4956-8028-e077916b9fc8,2026-03-05T11:35:03.104Z,1,,"halaman beranda grab versi terakhir jadi kacau balau, tidak professional!",ニコラウスフランツ,5.399.0,,,https://play.google.com/store/apps/details?id=com.grabtaxi.passenger&reviewId=284e5a0e-038e-4956-8028-e077916b9fc8,Negative,INDONESIAN,0.5872508812883792,MALAY,0.1894913725341702,2,"jadi, tidak",False
4503,android,ph,en,927b4193-39f0-4392-a159-a8d924a3868d,2026-03-05T11:24:35.958Z,2,,"makin parah, sengaja dikasih driver yg jauh2",Samantha Ferlin B,5.397.0,,,https://play.google.com/store/apps/details?id=com.grabtaxi.passenger&reviewId=927b4193-39f0-4392-a159-a8d924a3868d,Negative,INDONESIAN,0.5503116920390533,MALAY,0.1090671272176829,2,"driver, makin",False
4507,android,ph,en,ff8255ad-5f66-42e2-9e70-0ba05b44fcd6,2026-03-05T10:52:17.583Z,1,,scam terbesar adalah estimasi penjemputan,Axhan Faatihah,5.399.0,,,https://play.google.com/store/apps/details?id=com.grabtaxi.passenger&reviewId=ff8255ad-5f66-42e2-9e70-0ba05b44fcd6,Negative,INDONESIAN,0.5985149305032016,MALAY,0.1993139149909668,0,,False
4547,android,ph,en,420aa730-109d-4eae-bc8f-7d75fb08f345,2026-03-05T03:44:50.500Z,3,,"sebenernya ga mau komen, cuma dr awal pake sampe skrg update terakhir ga bgt deh GUI nya, nyusahin...menunya ga tau pd kmn",Sony Indrawan,5.399.0,,,https://play.google.com/store/apps/details?id=com.grabtaxi.passenger&reviewId=420aa730-109d-4eae-bc8f-7d75fb08f345,Neutral,INDONESIAN,0.5355293869871236,MALAY,0.0747896786208076,2,"cuma, pake",False
4553,android,ph,en,9ddad1e5-ea13-460b-b67f-6c3751e591ff,2026-03-05T01:32:28.722Z,5,,terbaik lah ada grab senang nk ke mana mana,Busu ucu,5.399.0,,,https://play.google.com/store/apps/details?id=com.grabtaxi.passenger&reviewId=9ddad1e5-ea13-460b-b67f-6c3751e591ff,Positive,MALAY,0.5037384522028577,INDONESIAN,0.0404142247713652,0,,False
4554,android,ph,en,9a381d9c-1f86-48c2-88a3-d2f90734b243,2026-03-05T01:25:02.174Z,5,,grab car premium apa tersedia dimedan ?,Tahu Goreng,,,,https://play.google.com/store/apps/details?id=com.grabtaxi.passenger&reviewId=9a381d9c-1f86-48c2-88a3-d2f90734b243,Positive,MALAY,0.5818328987068678,INDONESIAN,0.1926587779994366,0,,False
4574,android,ph,en,fe36f6d8-5e41-4a85-ae14-5c0ac66ee7ff,2026-03-04T13:53:31.493Z,1,,aplikasi tololl ngelag gajelaas mau d pake ga sih lu,crozers,,,,https://play.google.com/store/apps/details?id=com.grabtaxi.passenger&reviewId=fe36f6d8-5e41-4a85-ae14-5c0ac66ee7ff,Negative,MALAY,0.5620709525242834,INDONESIAN,0.1468777851842674,2,"aplikasi, pake",False
4598,android,ph,en,01f86217-3ff5-4425-ad99-9bca52bc9941,2026-03-04T06:56:16.964Z,1,,Duit kena telan sebelum dpt driver grab lepas tu suruh cancel dan burn duit tu.. tak dpt balik duit burn..,Nur Syahirah Husna Azhari,5.399.0,,,https://play.google.com/store/apps/details?id=com.grabtaxi.passenger&reviewId=01f86217-3ff5-4425-ad99-9bca52bc9941,Negative,MALAY,0.5573562474948418,INDONESIAN,0.1259737020158237,2,"dan, driver",False
4627,android,ph,en,7e2ccc5d-e15e-4b84-80ac-0fba58533e94,2026-03-03T15:09:25.832Z,1,,Masa kasih driver yang jauh dari lokasi gue,Muhammad Alfathi,,,,https://play.google.com/store/apps/details?id=com.grabtaxi.passenger&reviewId=7e2ccc5d-e15e-4b84-80ac-0fba58533e94,Negative,INDONESIAN,0.4820556590464107,MALAY,0.0376735140270406,2,"driver, yang",False
4636,android,ph,en,abcc6150-ea86-4d25-a6be-a0ffc048be92,2026-03-03T12:51:44.979Z,1,,gabisa order makanan,Styven Menny,5.399.0,,,https://play.google.com/store/apps/details?id=com.grabtaxi.passenger&reviewId=abcc6150-ea86-4d25-a6be-a0ffc048be92,Negative,INDONESIAN,0.4336136929170505,TAGALOG,0.1080385249050558,0,,False
4657,android,ph,en,c681f646-7f35-4a6c-93ab-eeb691636f54,2026-03-03T08:53:43.564Z,1,,tak leh nak guna tanpa sebab,TENGKU FIQQA SANI,5.397.0,,,https://play.google.com/store/apps/details?id=com.grabtaxi.passenger&reviewId=c681f646-7f35-4a6c-93ab-eeb691636f54,Negative,MALAY,0.5285083634052055,INDONESIAN,0.0834759249816012,0,,False
4700,android,ph,en,597272aa-ba7d-4c7c-8f71-4129492d9a24,2026-03-02T15:18:26.740Z,5,,Asian uber and lyft + doordash.,Enrique Scherer,5.399.0,"Thank you so much for your review! Grab is constantly changing every day to bring the newest and most convenient experience. If there is any inconvenience, please share with Grab via Facebook/Instagram message so that Grab can check and support you promptly 🥰
- Alice.",2026-03-02T17:36:39.387Z,https://play.google.com/store/apps/details?id=com.grabtaxi.passenger&reviewId=597272aa-ba7d-4c7c-8f71-4129492d9a24,Positive,INDONESIAN,0.4596620457020438,ENGLISH,0.1347044907229851,0,,False
4702,android,ph,en,88f809b7-fbd3-48b1-a774-58de90affa19,2026-03-02T15:02:43.445Z,5,,"Grab memang sangat memudahkan urusan harian. Nak pergi mana-mana senang, driver pun kebanyakan peramah dan tepat masa 👍",Fahmiey Sempoi,5.397.0,,,https://play.google.com/store/apps/details?id=com.grabtaxi.passenger&reviewId=88f809b7-fbd3-48b1-a774-58de90affa19,Positive,MALAY,0.5883847377228283,INDONESIAN,0.1768016492345467,2,"dan, driver",False
4704,android,ph,en,50679079-7cf7-4dc6-851b-3d6bb3981353,2026-03-02T14:31:28.368Z,5,,Boleh la app ni. Kadang2 mcm tak betul gak tp berguna la sebab safe.,Meow Girl,,,,https://play.google.com/store/apps/details?id=com.grabtaxi.passenger&reviewId=50679079-7cf7-4dc6-851b-3d6bb3981353,Positive,MALAY,0.5422784895618117,INDONESIAN,0.1035255021373999,1,gak,False
4730,android,ph,en,44dc4bfe-9449-42a6-a941-a3344076b74d,2026-03-02T10:15:17.154Z,1,,hujan sikit naik harga tinggi padahal tk jauh mana pun...harga biasa rm5 bile hujan sikit tkde petir tk lebat mana naik terus 20,Nor Aini,5.333.0,,,https://play.google.com/store/apps/details?id=com.grabtaxi.passenger&reviewId=44dc4bfe-9449-42a6-a941-a3344076b74d,Negative,INDONESIAN,0.5688304741878033,MALAY,0.1381899660018844,0,,False
4731,android,ph,en,3b3da0c1-a026-4eca-afef-9b92d0f69b24,2026-03-02T10:01:28.280Z,2,,ribet banget payment pake ovo tuh.,Min Yoonji,5.384.0,,,https://play.google.com/store/apps/details?id=com.grabtaxi.passenger&reviewId=3b3da0c1-a026-4eca-afef-9b92d0f69b24,Negative,INDONESIAN,0.4863355413210296,ENGLISH,0.206105951983422,2,"banget, pake",False
4781,android,ph,en,ae19bdfa-2e31-465c-90c5-51b3b2379ac2,2026-03-01T14:06:07.788Z,1,,melampau naik harga,azril sharif,5.397.0,,,https://play.google.com/store/apps/details?id=com.grabtaxi.passenger&reviewId=ae19bdfa-2e31-465c-90c5-51b3b2379ac2,Negative,MALAY,0.5474735240644506,INDONESIAN,0.1139991793986724,0,,False
4805,android,ph,en,3edd607a-6cf7-424e-b040-30c481e2920d,2026-03-01T10:10:31.303Z,1,,"sampah bet nih aplikasi,",Jeje Bong,5.399.0,,,https://play.google.com/store/apps/details?id=com.grabtaxi.passenger&reviewId=3edd607a-6cf7-424e-b040-30c481e2920d,Negative,INDONESIAN,0.5106500084289843,MALAY,0.1595286093914824,1,aplikasi,False
4896,android,ph,en,4b625ba5-3f04-4897-944c-693a2a363510,2026-02-28T06:21:33.214Z,5,,oder lebih cepat dan penghantaran yang bagus highly recommend,Haziq Ay88rs,5.396.0,,,https://play.google.com/store/apps/details?id=com.grabtaxi.passenger&reviewId=4b625ba5-3f04-4897-944c-693a2a363510,Positive,MALAY,0.5505814544651556,INDONESIAN,0.1327437894602418,2,"dan, yang",False
4908,android,ph,en,80a62742-0713-4f35-b4b9-25438cea9d08,2026-02-28T03:57:54.780Z,1,,drivernya seenaknya cancel,Aaa Sss,,"Maaf ya atas ketidaknyamanan yang terjadi.
Kalau Kakak memiliki kendala saat menggunakan aplikasi GrabMerchant atau tidak nyaman dengan pelayanan kami silakan pilih keluhan yang sesuai di link berikut ya https://grb.to/merchantidhelpcenter 🙏 Terima kasih",2026-03-01T08:13:41.913Z,https://play.google.com/store/apps/details?id=com.grabtaxi.passenger&reviewId=80a62742-0713-4f35-b4b9-25438cea9d08,Negative,INDONESIAN,0.6085786955030048,MALAY,0.22189115967807,0,,False
4962,android,ph,en,d1f3f98b-e541-4905-9aac-2578783ed467,2026-02-27T07:16:54.937Z,1,,hama. banyak notif iklan,Aziz Setiawan,,,,https://play.google.com/store/apps/details?id=com.grabtaxi.passenger&reviewId=d1f3f98b-e541-4905-9aac-2578783ed467,Negative,MALAY,0.51056502045908,INDONESIAN,0.0699086749578691,0,,False
4999,android,ph,en,9b508073-6622-4a13-b50b-5c3ac52c13cf,2026-02-26T14:17:15.240Z,1,,aplikasi map nya suka eror. perlu diperbaiki,Julius Siswanto,5.397.0,,,https://play.google.com/store/apps/details?id=com.grabtaxi.passenger&reviewId=9b508073-6622-4a13-b50b-5c3ac52c13cf,Negative,INDONESIAN,0.5896612222452253,MALAY,0.1833163211838394,1,aplikasi,False
5649,ios,ph,,13857443467,Tue Mar 17 2026 12:25:05 GMT+0000 (Coordinated Universal Time),1,Chowking burnham,Mali po yung order! Bwst,Jgdik,,We regret to hear about this 😞 Please reach out to us via the Help Centre or on our social media platforms so we can review your concern further and take action. Thank you 🙏️,Tue Mar 24 2026 07:11:50 GMT+0000 (Coordinated Universal Time),,Negative,INDONESIAN,0.3288783014300788,ENGLISH,0.0305681046902357,0,,False
5895,ios,ph,,13549489085,Wed Dec 24 2025 12:10:25 GMT+0000 (Coordinated Universal Time),1,Tang ina nyo,Cinancel order ko sa lola nenas,Ulol ka gago,,We're so sorry for this experience 😞 Please reach out to us via the Help Centre or our social media platforms so we can assist you further with this concern. Thank you 🙏️,Sun Jan 04 2026 07:01:16 GMT+0000 (Coordinated Universal Time),,Negative,INDONESIAN,0.3294106979441836,ENGLISH,0.0583789875857948,0,,False
9929,ios,ph,,7971038122,Sat Oct 30 2021 18:27:26 GMT+0000 (Coordinated Universal Time),5,The best,Masarap po salamat ❤️,017Rbea,,,,,Positive,MALAY,0.4097266164553031,TAGALOG,0.0385696306393584,0,,False
