Rank,Feature Representation,Classifier,Best CV Macro F1,Test Accuracy,Test Macro Precision,Test Macro Recall,Test Macro F1,Test Weighted F1,Training Time Seconds,Best Parameters
1,TF-IDF,SVM,0.625644380886434,0.8346666666666667,0.6419403082762872,0.6288451832254558,0.6315567239731912,0.8287268742813734,1.9659361839294431,"{""clf__C"": 0.1}"
2,mBERT,SVM,0.5904381615695823,0.7946666666666666,0.6211581282320753,0.6282918285838468,0.6235690058670873,0.7993922976779293,47.89984893798828,"{""clf__C"": 0.01}"
3,Word2Vec,SVM,0.584165390836039,0.699,0.6361662443442686,0.6663320168187138,0.5939502229325415,0.7564009816199958,31.13537883758545,"{""clf__C"": 1.0}"
4,TF-IDF,Naive Bayes,0.573455867968519,0.842,0.6745000939640379,0.59688534120721,0.5812111601275688,0.8196975780955658,2.723600149154663,"{""clf__alpha"": 0.1}"
5,Word2Vec,Random Forest,0.5604433713781634,0.8176666666666667,0.5498440018813122,0.5787084643671275,0.560899908794723,0.795767585870333,46.96755909919739,"{""clf__max_depth"": 20, ""clf__min_samples_split"": 5, ""clf__n_estimators"": 200}"
6,TF-IDF,Random Forest,0.546431936308535,0.8136666666666666,0.5895004213842566,0.577546417098656,0.5623539451911662,0.7930694717563189,15.364779949188232,"{""clf__max_depth"": null, ""clf__min_samples_split"": 5, ""clf__n_estimators"": 200}"
7,mBERT,Random Forest,0.5313383822554014,0.791,0.5308995148350242,0.5596590625467978,0.5423817126225613,0.7695203497697838,85.57977604866028,"{""clf__max_depth"": 30, ""clf__min_samples_split"": 5, ""clf__n_estimators"": 200}"
8,mBERT,Gaussian Naive Bayes,0.518793164363216,0.6236666666666667,0.5572193767965633,0.5721810527780677,0.522650362705198,0.6715685134462941,4.876168251037598,"{""clf__var_smoothing"": 1e-11}"
9,Word2Vec,Gaussian Naive Bayes,0.5092223611223942,0.6263333333333333,0.561623891617924,0.5559909734796172,0.518976297289527,0.6742210137232051,1.7016329765319824,"{""clf__var_smoothing"": 1e-11}"
